document_id,overall_markitdown_0_1_8,overall_kordoc_candidate5,overall_kordoc_candidate7,overall_markitdown_minus_candidate7,nid_markitdown_0_1_8,nid_kordoc_candidate5,nid_kordoc_candidate7,nid_markitdown_minus_candidate7,nid_s_markitdown_0_1_8,nid_s_kordoc_candidate5,nid_s_kordoc_candidate7,nid_s_markitdown_minus_candidate7,teds_markitdown_0_1_8,teds_kordoc_candidate5,teds_kordoc_candidate7,teds_markitdown_minus_candidate7,teds_s_markitdown_0_1_8,teds_s_kordoc_candidate5,teds_s_kordoc_candidate7,teds_s_markitdown_minus_candidate7,mhs_markitdown_0_1_8,mhs_kordoc_candidate5,mhs_kordoc_candidate7,mhs_markitdown_minus_candidate7,mhs_s_markitdown_0_1_8,mhs_s_kordoc_candidate5,mhs_s_kordoc_candidate7,mhs_s_markitdown_minus_candidate7
01030000000001,0.4957450660872714,0.9849431320794326,0.9861242223609357,-0.49037915627366424,0.9914901321745428,0.9918463489762638,0.9923940601231438,-0.0009039279486009466,0.9914901321745428,0.9918463489762638,0.9923940601231438,-0.0009039279486009466,,,,,,,,,0.0,0.9780399151826014,0.9798543845987274,-0.9798543845987274,0.0,1.0,1.0,-1.0
01030000000002,0.49347546406910486,0.9865582783525273,0.9871358316158052,-0.49366036754670034,0.9869509281382097,0.9873045078196873,0.9880492737635594,-0.001098345625349717,0.9869509281382097,0.9873045078196873,0.9880492737635594,-0.001098345625349717,,,,,,,,,0.0,0.9858120488853674,0.9862223894680511,-0.9862223894680511,0.0,1.0,1.0,-1.0
01030000000003,0.48744098205854575,0.9593041866073817,0.9593041866073817,-0.47186320454883596,0.9748819641170915,0.9637325273894976,0.9637325273894976,0.011149436727593942,0.9748819641170915,0.9637325273894976,0.9637325273894976,0.011149436727593942,,,,,,,,,0.0,0.954875845825266,0.954875845825266,-0.954875845825266,0.0,1.0,1.0,-1.0
01030000000004,0.49403437815975726,0.9900425212310457,0.9912717810988587,-0.49723740293910146,0.9880687563195145,0.9872495446265936,0.9884778653729533,-0.00040910905343882753,0.9880687563195145,0.9872495446265936,0.9884778653729533,-0.00040910905343882753,,,,,,,,,0.0,0.9928354978354978,0.9940656968247642,-0.9940656968247642,0.0,1.0,1.0,-1.0
01030000000005,0.9047619047619048,0.7972350230414746,0.7972350230414746,0.10752688172043012,0.9047619047619048,0.7972350230414746,0.7972350230414746,0.10752688172043012,0.9047619047619048,0.7972350230414746,0.7972350230414746,0.10752688172043012,,,,,,,,,,,,,,,,
01030000000006,0.9523809523809522,0.8727272727272728,0.8727272727272728,0.07965367965367942,0.9523809523809522,0.8727272727272728,0.8727272727272728,0.07965367965367942,0.9523809523809522,0.8727272727272728,0.8727272727272728,0.07965367965367942,,,,,,,,,,,,,,,,
01030000000007,0.49306062819576335,0.7612603045294972,0.7615101485627669,-0.26844952036700354,0.9861212563915267,0.9794909809735607,0.9797430830039525,0.006378173387574182,0.9861212563915267,0.9794909809735607,0.9797430830039525,0.006378173387574182,,,,,,,,,0.0,0.5430296280854336,0.5432772141215811,-0.5432772141215811,0.0,0.8571428571428572,0.8571428571428572,-0.8571428571428572
01030000000008,0.9552006232956759,0.7998442367601245,0.8014505893019038,0.15375003399377207,0.9552006232956759,0.7998442367601245,0.8014505893019038,0.15375003399377207,0.9552006232956759,0.7998442367601245,0.8014505893019038,0.15375003399377207,,,,,,,,,,,,,,,,
01030000000009,0.7714766984839979,0.7261039686975964,0.7267652804912085,0.04471141799278944,0.7714766984839979,0.7261039686975964,0.7267652804912085,0.04471141799278944,0.7714766984839979,0.7261039686975964,0.7267652804912085,0.04471141799278944,,,,,,,,,,,,,,,,
01030000000010,0.9410828025477707,0.9329090426942456,0.9362939466032248,0.004788855944545811,0.9410828025477707,0.9329090426942456,0.9362939466032248,0.004788855944545811,0.9410828025477707,0.9329090426942456,0.9362939466032248,0.004788855944545811,,,,,,,,,,,,,,,,
01030000000011,0.6814884894355093,0.9243353783231085,0.9246736908318919,-0.24318520139638256,0.6814884894355093,0.9243353783231085,0.9246736908318919,-0.24318520139638256,0.6814884894355093,0.9243353783231085,0.9246736908318919,-0.24318520139638256,,,,,,,,,,,,,,,,
01030000000012,0.9462272333044233,0.9685886402753873,0.9705819196907881,-0.024354686386364843,0.9462272333044233,0.9685886402753873,0.9705819196907881,-0.024354686386364843,0.9462272333044233,0.9685886402753873,0.9705819196907881,-0.024354686386364843,,,,,,,,,,,,,,,,
01030000000013,0.3808572063069065,0.5886012748936802,0.5891584550122857,-0.2083012487053792,0.761714412613813,0.7453199825859818,0.7463594870680287,0.015354925545784326,0.761714412613813,0.7453199825859818,0.7463594870680287,0.015354925545784326,,,,,,,,,0.0,0.43188256720137863,0.4319574229565426,-0.4319574229565426,0.0,1.0,1.0,-1.0
01030000000014,0.6886792452830188,0.9476145930776425,0.949579831932773,-0.26090058664975413,0.6886792452830188,0.9476145930776425,0.949579831932773,-0.26090058664975413,0.6886792452830188,0.9476145930776425,0.949579831932773,-0.26090058664975413,,,,,,,,,,,,,,,,
01030000000015,0.9336065573770491,0.7403494514425032,0.7397482744620382,0.19385828291501095,0.9336065573770491,0.7403494514425032,0.7397482744620382,0.19385828291501095,0.9336065573770491,0.7403494514425032,0.7397482744620382,0.19385828291501095,,,,,,,,,,,,,,,,
01030000000016,0.2269692923898531,0.7689080105403782,0.7689080105403782,-0.5419387181505251,0.4539385847797062,0.6932100959829364,0.6932100959829364,-0.23927151120323015,0.03522504892367906,0.03714565004887582,0.03714565004887582,-0.0019206011251967636,,,,,,,,,0.0,0.84460592509782,0.84460592509782,-0.84460592509782,0.0,1.0,1.0,-1.0
01030000000017,0.9816568047337279,0.9727192725139338,0.9730205278592375,0.008636276874490312,0.9816568047337279,0.9727192725139338,0.9730205278592375,0.008636276874490312,0.9816568047337279,0.9727192725139338,0.9730205278592375,0.008636276874490312,,,,,,,,,,,,,,,,
01030000000018,0.39053398058252425,0.8321005675220385,0.8321005675220385,-0.4415665869395143,0.7810679611650485,0.7831149927219796,0.7831149927219796,-0.0020470315569310893,0.7810679611650485,0.7831149927219796,0.7831149927219796,-0.0020470315569310893,,,,,,,,,0.0,0.8810861423220974,0.8810861423220974,-0.8810861423220974,0.0,1.0,1.0,-1.0
01030000000019,0.49891950297136684,0.9939560061466608,0.9939560061466608,-0.49503650317529396,0.9978390059427337,0.9983801295896328,0.9983801295896328,-0.0005411236468991776,0.9978390059427337,0.9983801295896328,0.9983801295896328,-0.0005411236468991776,,,,,,,,,0.0,0.9895318827036889,0.9895318827036889,-0.9895318827036889,0.0,1.0,1.0,-1.0
01030000000020,0.9962714392244594,0.9958970533383067,0.9962714392244594,0.0,0.9962714392244594,0.9958970533383067,0.9962714392244594,0.0,0.9962714392244594,0.9958970533383067,0.9962714392244594,0.0,,,,,,,,,,,,,,,,
01030000000021,0.4982476635514018,0.8725106256419478,0.8725106256419478,-0.374262962090546,0.9964953271028036,0.9959088252483927,0.9959088252483927,0.0005865018544108924,0.9964953271028036,0.9959088252483927,0.9959088252483927,0.0005865018544108924,,,,,,,,,0.0,0.7491124260355029,0.7491124260355029,-0.7491124260355029,0.0,0.75,0.75,-0.75
01030000000022,0.9963084495488104,0.9956905397085984,0.9958965941731637,0.00041185537564669694,0.9963084495488104,0.9956905397085984,0.9958965941731637,0.00041185537564669694,0.9963084495488104,0.9956905397085984,0.9958965941731637,0.00041185537564669694,,,,,,,,,,,,,,,,
01030000000023,0.9988216810683425,0.998231479662016,0.9984282907662082,0.0003933903021342555,0.9988216810683425,0.998231479662016,0.9984282907662082,0.0003933903021342555,0.9988216810683425,0.998231479662016,0.9984282907662082,0.0003933903021342555,,,,,,,,,,,,,,,,
01030000000024,0.9995910020449899,0.9985670419651995,0.9989768774299163,0.0006141246150735968,0.9995910020449899,0.9985670419651995,0.9989768774299163,0.0006141246150735968,0.9995910020449899,0.9985670419651995,0.9989768774299163,0.0006141246150735968,,,,,,,,,,,,,,,,
01030000000025,0.9990791896869244,0.9983874683252707,0.9983874683252707,0.000691721361653741,0.9990791896869244,0.9983874683252707,0.9983874683252707,0.000691721361653741,0.9990791896869244,0.9983874683252707,0.9983874683252707,0.000691721361653741,,,,,,,,,,,,,,,,
01030000000026,0.9981412639405205,0.9972093023255814,0.9974424552429667,0.0006988086975537877,0.9981412639405205,0.9972093023255814,0.9974424552429667,0.0006988086975537877,0.9981412639405205,0.9972093023255814,0.9974424552429667,0.0006988086975537877,,,,,,,,,,,,,,,,
01030000000027,0.24726301735647527,0.5791173304628633,0.5791173304628633,-0.331854313106388,0.24726301735647527,0.5791173304628633,0.5791173304628633,-0.331854313106388,0.24726301735647527,0.5791173304628633,0.5791173304628633,-0.331854313106388,,,,,,,,,,,,,,,,
01030000000028,0.32003859761981346,0.6269488763974633,0.6269488763974633,-0.30691027877764987,0.6400771952396269,0.9890981169474727,0.9890981169474727,-0.3490209217078458,0.6400771952396269,0.9890981169474727,0.9890981169474727,-0.3490209217078458,,,,,,,,,0.0,0.2647996358474539,0.2647996358474539,-0.2647996358474539,0.0,0.36363636363636365,0.36363636363636365,-0.36363636363636365
01030000000029,0.3242849713988559,0.7094473361910594,0.7094473361910594,-0.38516236479220345,0.6485699427977119,0.9721212121212122,0.9721212121212122,-0.3235512693235003,0.6485699427977119,0.9721212121212122,0.9721212121212122,-0.3235512693235003,,,,,,,,,0.0,0.4467734602609067,0.4467734602609067,-0.4467734602609067,0.0,0.5454545454545454,0.5454545454545454,-0.5454545454545454
01030000000030,0.4840563589173156,0.9513963894460731,0.9515581610614008,-0.4675018021440852,0.4840563589173156,0.9513963894460731,0.9515581610614008,-0.4675018021440852,0.6614902601825363,0.9439327839715623,0.944103392568659,-0.28261313238612273,,,,,,,,,,,,,,,,
01030000000031,0.2978967934720147,0.585802311778767,0.585802311778767,-0.28790551830675226,0.5957935869440294,0.8881251074067709,0.8881251074067709,-0.29233152046274147,0.5957935869440294,0.5530839231547018,0.5530839231547018,0.04270966378932761,,,,,,,,,0.0,0.28347951615076317,0.28347951615076317,-0.28347951615076317,0.0,0.6666666666666667,0.6666666666666667,-0.6666666666666667
01030000000032,0.48729253112033194,0.9820787988182167,0.9826730875064327,-0.49538055638610073,0.9745850622406639,0.9743456854107282,0.9751424132573796,-0.0005573510167157236,0.9745850622406639,0.9743456854107282,0.9751424132573796,-0.0005573510167157236,,,,,,,,,0.0,0.9898119122257053,0.9902037617554859,-0.9902037617554859,0.0,1.0,1.0,-1.0
01030000000033,0.48275862068965514,0.7539652659064436,0.7541457286001231,-0.27138710791046794,0.9655172413793103,0.9313121743249646,0.9315652379824769,0.03395200339683335,0.9655172413793103,0.6117411607738492,0.6122040680226742,0.35331317335663603,,,,,,,,,0.0,0.5766183574879227,0.5767262192177692,-0.5767262192177692,0.0,0.6,0.6,-0.6
01030000000034,0.923117430226435,0.8792801799550112,0.8801198801198801,0.04299755010655493,0.923117430226435,0.8792801799550112,0.8801198801198801,0.04299755010655493,0.923117430226435,0.8806978052898145,0.8816418330053416,0.041475597221093397,,,,,,,,,,,,,,,,
01030000000035,0.4495311638168781,0.9291008925936104,0.9291008925936104,-0.4795697287767323,0.8990623276337562,0.9409178345699368,0.9409178345699368,-0.041855506936180675,0.8990623276337562,0.9409178345699368,0.9409178345699368,-0.041855506936180675,,,,,,,,,0.0,0.917283950617284,0.917283950617284,-0.917283950617284,0.0,1.0,1.0,-1.0
01030000000036,0.4319566689234936,0.6496785734080659,0.6496785734080659,-0.2177219044845723,0.8639133378469872,0.5230017251293847,0.5230017251293847,0.3409116127176025,0.8639133378469872,0.019522046449007013,0.019522046449007013,0.8443912913979802,,,,,,,,,0.0,0.776355421686747,0.776355421686747,-0.776355421686747,0.0,1.0,1.0,-1.0
01030000000037,0.46498855835240277,0.5420573476876437,0.5420573476876437,-0.07706878933524092,0.9299771167048055,0.6500233317778814,0.6500233317778814,0.27995378492692413,0.9299771167048055,0.6500233317778814,0.6500233317778814,0.27995378492692413,,,,,,,,,0.0,0.43409136359740597,0.43409136359740597,-0.43409136359740597,0.0,0.6,0.6,-0.6
01030000000038,0.4826796450042943,0.5822686021285737,0.5822686021285737,-0.0995889571242794,0.9653592900085886,0.743452699091395,0.743452699091395,0.22190659091719356,0.9653592900085886,0.7245657568238212,0.7245657568238212,0.24079353318476737,,,,,,,,,0.0,0.42108450516575224,0.42108450516575224,-0.42108450516575224,0.0,0.75,0.75,-0.75
01030000000039,0.49009900990099015,0.7226400178733645,0.7226400178733645,-0.23254100797237437,0.9801980198019803,0.6893106893106892,0.6893106893106892,0.2908873304912911,0.9801980198019803,0.5391969407265774,0.5391969407265774,0.44100107907540287,,,,,,,,,0.0,0.7559693464360397,0.7559693464360397,-0.7559693464360397,0.0,1.0,1.0,-1.0
01030000000040,0.6301587301587301,0.9932486100079428,0.9932486100079428,-0.3630898798492127,0.6301587301587301,0.9932486100079428,0.9932486100079428,-0.3630898798492127,0.6301587301587301,0.9932486100079428,0.9932486100079428,-0.3630898798492127,,,,,,,,,,,,,,,,
01030000000041,0.45523161166198006,0.9565390749601277,0.9565390749601277,-0.5013074632981476,0.45523161166198006,0.9565390749601277,0.9565390749601277,-0.5013074632981476,0.5945108455068615,0.9565390749601277,0.9565390749601277,-0.3620282294532662,,,,,,,,,,,,,,,,
01030000000042,0.7213876967095851,0.9871244635193134,0.9878484631879914,-0.2664607664784062,0.7213876967095851,0.9871244635193134,0.9878484631879914,-0.2664607664784062,0.7213876967095851,0.9871244635193134,0.9878484631879914,-0.2664607664784062,,,,,,,,,,,,,,,,
01030000000043,0.8287380699893956,0.8155747260433668,0.8155747260433668,0.013163343946028805,0.8287380699893956,0.8155747260433668,0.8155747260433668,0.013163343946028805,0.8287380699893956,0.8155747260433668,0.8155747260433668,0.013163343946028805,,,,,,,,,,,,,,,,
01030000000044,0.46349206349206346,0.7581906145819572,0.7581906145819572,-0.2946985510898938,0.9269841269841269,0.6796338672768879,0.6796338672768879,0.247350259707239,0.9269841269841269,0.11309523809523814,0.11309523809523814,0.8138888888888888,,,,,,,,,0.0,0.8367473618870267,0.8367473618870267,-0.8367473618870267,0.0,1.0,1.0,-1.0
01030000000045,0.34985754985754985,0.8293918918918919,0.8293918918918919,-0.47953434203434203,0.6997150997150997,0.875,0.875,-0.1752849002849003,0.5575129533678757,0.8844984802431611,0.8844984802431611,-0.3269855268752855,0.0,0.7837837837837838,0.7837837837837838,-0.7837837837837838,0.0,0.7837837837837838,0.7837837837837838,-0.7837837837837838,,,,,,,,
01030000000046,0.7188778646364969,0.731501511841767,0.731501511841767,-0.012623647205270094,0.8015094339622642,0.7938780548012836,0.7938780548012836,0.007631379160980556,0.8519040902679831,0.9884297520661157,0.9884297520661157,-0.13652566179813264,0.6362462953107297,0.6691249688822505,0.6691249688822505,-0.032878673571520745,0.6699999999999999,0.8252427184466019,0.8252427184466019,-0.15524271844660198,,,,,,,,
01030000000047,0.6045541356589395,0.6794923200296095,0.6794923200296095,-0.07493818437067001,0.7086460032626427,0.7427055702917772,0.7427055702917772,-0.034059567029134485,0.4423963133640553,0.967741935483871,0.967741935483871,-0.5253456221198156,0.5004622680552363,0.6162790697674418,0.6162790697674418,-0.11581680171220554,0.696969696969697,0.8023255813953488,0.8023255813953488,-0.1053558844256518,,,,,,,,
01030000000048,0.49218089602704995,0.9969180775131133,0.9972389927000597,-0.5050580966730097,0.9843617920540999,0.9951405028523136,0.9955649419218585,-0.01120314986775861,0.9843617920540999,0.9951405028523136,0.9955649419218585,-0.01120314986775861,,,,,,,,,0.0,0.9986956521739131,0.9989130434782608,-0.9989130434782608,0.0,1.0,1.0,-1.0
01030000000049,0.9637681159420289,0.9904153354632588,0.9904153354632588,-0.026647219521229837,0.9637681159420289,0.9904153354632588,0.9904153354632588,-0.026647219521229837,0.9637681159420289,0.9904153354632588,0.9904153354632588,-0.026647219521229837,,,,,,,,,,,,,,,,
01030000000050,0.9469512195121951,0.9847653869591713,0.9847653869591713,-0.03781416744697619,0.9469512195121951,0.9847653869591713,0.9847653869591713,-0.03781416744697619,0.9469512195121951,0.9847653869591713,0.9847653869591713,-0.03781416744697619,,,,,,,,,,,,,,,,
01030000000051,0.5046170560070333,0.9268749319067875,0.9270868884645999,-0.42246983245756653,0.8591511219248446,0.9348680516563728,0.9351669941060904,-0.07601587218124584,0.9677744209466264,0.9953440248318676,0.9958634953464324,-0.028089074399806013,0.6547000460962553,0.8940355145250668,0.8940355145250668,-0.23933546842881148,0.7213114754098361,0.9245283018867925,0.9245283018867925,-0.20321682647695638,0.0,0.9517212295389229,0.9520581567626426,-0.9520581567626426,0.0,1.0,1.0,-1.0
01030000000052,0.905725328455738,0.884889308440618,0.884889308440618,0.020836020015120083,0.916307552733046,0.9308755760368663,0.9308755760368663,-0.014568023303820343,0.9792401096748923,0.9776908023483366,0.9776908023483366,0.0015493073265556712,0.8951431041784302,0.8389030408443696,0.8389030408443696,0.05624006333406062,0.921875,0.8524590163934427,0.8524590163934427,0.06941598360655732,,,,,,,,
01030000000053,0.5806726538666337,0.9327547638625329,0.9327547638625329,-0.3520821099958992,0.904039104708001,0.9442417926003127,0.9442417926003127,-0.04020268789231174,0.9738302934179223,0.9919354838709676,0.9919354838709676,-0.018105190453045372,0.8379788568919003,0.8969610540934254,0.8969610540934254,-0.05898219720152509,0.88,0.9166666666666666,0.9166666666666666,-0.036666666666666625,0.0,0.9570614448938606,0.9570614448938606,-0.9570614448938606,0.0,1.0,1.0,-1.0
01030000000054,0.4995302959135744,0.8969712321373174,0.8969712321373174,-0.39744093622374305,0.9990605918271488,0.9974196575181797,0.9974196575181797,0.0016409343089690553,0.9990605918271488,0.9974196575181797,0.9974196575181797,0.0016409343089690553,,,,,,,,,0.0,0.7965228067564551,0.7965228067564551,-0.7965228067564551,0.0,0.8,0.8,-0.8
01030000000055,0.9557894736842105,0.9501862197392924,0.9501862197392924,0.0056032539449181185,0.9557894736842105,0.9501862197392924,0.9501862197392924,0.0056032539449181185,0.9557894736842105,0.9501862197392924,0.9501862197392924,0.0056032539449181185,,,,,,,,,,,,,,,,
01030000000056,0.9002004008016032,0.893735130848533,0.893735130848533,0.006465269953070285,0.9002004008016032,0.893735130848533,0.893735130848533,0.006465269953070285,0.9002004008016032,0.893735130848533,0.893735130848533,0.006465269953070285,,,,,,,,,,,,,,,,
01030000000057,0.930783242258652,0.9223826714801444,0.9223826714801444,0.008400570778507643,0.930783242258652,0.9223826714801444,0.9223826714801444,0.008400570778507643,0.930783242258652,0.9223826714801444,0.9223826714801444,0.008400570778507643,,,,,,,,,,,,,,,,
01030000000058,0.4630518234165068,0.9311260443746833,0.9311260443746833,-0.46807422095817647,0.9261036468330136,0.9151256519677573,0.9151256519677573,0.010977994865256302,0.9261036468330136,0.9151256519677573,0.9151256519677573,0.010977994865256302,,,,,,,,,0.0,0.9471264367816092,0.9471264367816092,-0.9471264367816092,0.0,1.0,1.0,-1.0
01030000000059,0.7554904831625183,0.7373447946513849,0.7373447946513849,0.018145688511133407,0.7554904831625183,0.7373447946513849,0.7373447946513849,0.018145688511133407,0.7554904831625183,0.7373447946513849,0.7373447946513849,0.018145688511133407,,,,,,,,,,,,,,,,
01030000000060,0.8763666947014298,0.8576131687242798,0.8576131687242798,0.018753525977149965,0.8763666947014298,0.8576131687242798,0.8576131687242798,0.018753525977149965,0.8763666947014298,0.8576131687242798,0.8576131687242798,0.018753525977149965,,,,,,,,,,,,,,,,
01030000000061,0.9247202441505595,0.9298515104966718,0.9298515104966718,-0.005131266346112273,0.9247202441505595,0.9298515104966718,0.9298515104966718,-0.005131266346112273,0.9247202441505595,0.9298515104966718,0.9298515104966718,-0.005131266346112273,,,,,,,,,,,,,,,,
01030000000062,0.4993932038834952,0.9933070109473255,0.9935654456617402,-0.49417224177824504,0.9987864077669903,0.9918650195842121,0.9921686746987952,0.006617733068195131,0.9987864077669903,0.9918650195842121,0.9921686746987952,0.006617733068195131,,,,,,,,,0.0,0.994749002310439,0.9949622166246851,-0.9949622166246851,0.0,1.0,1.0,-1.0
01030000000063,0.9842312746386334,0.9689119170984456,0.9689119170984456,0.015319357540187761,0.9842312746386334,0.9689119170984456,0.9689119170984456,0.015319357540187761,0.9842312746386334,0.9689119170984456,0.9689119170984456,0.015319357540187761,,,,,,,,,,,,,,,,
01030000000064,0.9132736742151757,0.9311979964966061,0.9313156742556918,-0.01804200004051615,0.956982131039047,0.9248959929932121,0.9251313485113836,0.03185078252766338,0.9913312693498452,0.9928415810768751,0.9931549471064095,-0.0018236777565643347,0.8695652173913043,0.9375,0.9375,-0.06793478260869568,0.9347826086956522,0.9375,0.9375,-0.0027173913043477826,,,,,,,,
01030000000065,0.49962546816479403,0.9931522714629357,0.9931522714629357,-0.4935268032981417,0.9992509363295881,0.9910913140311804,0.9910913140311804,0.00815962229840761,0.9992509363295881,0.9910913140311804,0.9910913140311804,0.00815962229840761,,,,,,,,,0.0,0.995213228894691,0.995213228894691,-0.995213228894691,0.0,1.0,1.0,-1.0
01030000000066,0.968349842957236,0.9618247298919568,0.9618247298919568,0.006525113065279253,0.968349842957236,0.9618247298919568,0.9618247298919568,0.006525113065279253,0.968349842957236,0.9618247298919568,0.9618247298919568,0.006525113065279253,,,,,,,,,,,,,,,,
01030000000067,0.4936075597554197,0.9771805665033162,0.9771805665033162,-0.4835730067478965,0.9872151195108394,0.9745186862967158,0.9745186862967158,0.012696433214123615,0.9872151195108394,0.9745186862967158,0.9745186862967158,0.012696433214123615,,,,,,,,,0.0,0.9798424467099166,0.9798424467099166,-0.9798424467099166,0.0,1.0,1.0,-1.0
01030000000068,0.9895931882686849,0.9847715736040609,0.9847715736040609,0.004821614664624052,0.9895931882686849,0.9847715736040609,0.9847715736040609,0.004821614664624052,0.9895931882686849,0.9847715736040609,0.9847715736040609,0.004821614664624052,,,,,,,,,,,,,,,,
01030000000069,0.4965007776049767,0.6084442288283727,0.6084442288283727,-0.111943451223396,0.9930015552099534,0.9872734284612418,0.9872734284612418,0.005728126748711593,0.9930015552099534,0.9872734284612418,0.9872734284612418,0.005728126748711593,,,,,,,,,0.0,0.2296150291955037,0.2296150291955037,-0.2296150291955037,0.0,0.4545454545454546,0.4545454545454546,-0.4545454545454546
01030000000070,0.8499399759903962,0.8066852367688022,0.8066852367688022,0.04325473922159395,0.8499399759903962,0.8066852367688022,0.8066852367688022,0.04325473922159395,0.8499399759903962,0.735873850197109,0.735873850197109,0.11406612579328712,,,,,,,,,,,,,,,,
01030000000071,0.48758072528564333,0.8612999170517834,0.8612999170517834,-0.3737191917661401,0.9751614505712867,0.8132183908045977,0.8132183908045977,0.161943059766689,0.9751614505712867,0.9424986931521171,0.9424986931521171,0.032662757419169575,,,,,,,,,0.0,0.9093814432989691,0.9093814432989691,-0.9093814432989691,0.0,1.0,1.0,-1.0
01030000000072,0.7363636363636362,0.5581929555895866,0.5581929555895866,0.17817068077404963,0.7363636363636362,0.5581929555895866,0.5581929555895866,0.17817068077404963,0.7363636363636362,0.6015538290788014,0.6015538290788014,0.13480980728483483,,,,,,,,,,,,,,,,
01030000000073,0.8425302826379543,0.813632441760138,0.813632441760138,0.028897840877816217,0.8425302826379543,0.813632441760138,0.813632441760138,0.028897840877816217,0.8425302826379543,0.7922616305849839,0.7922616305849839,0.050268652052970375,,,,,,,,,,,,,,,,
01030000000074,0.9563758389261746,0.8828671328671329,0.8828671328671329,0.0735087060590417,0.9563758389261746,0.8828671328671329,0.8828671328671329,0.0735087060590417,0.9563758389261746,0.9582321515298688,0.9582321515298688,-0.0018563126036942323,,,,,,,,,,,,,,,,
01030000000075,0.9901586663988753,0.9929478138222849,0.9929478138222849,-0.0027891474234096325,0.9901586663988753,0.9929478138222849,0.9929478138222849,-0.0027891474234096325,0.9901586663988753,0.9929478138222849,0.9929478138222849,-0.0027891474234096325,,,,,,,,,,,,,,,,
01030000000076,0.6075009283327144,0.48816029143898,0.48816029143898,0.11934063689373442,0.6075009283327144,0.48816029143898,0.48816029143898,0.11934063689373442,0.7463516330785267,0.9359720605355064,0.9359720605355064,-0.1896204274569797,,,,,,,,,,,,,,,,
01030000000077,0.4859053989488772,0.6734741715683419,0.6734741715683419,-0.1875687726194647,0.9718107978977544,0.8255197717081125,0.8255197717081125,0.14629102618964185,0.9718107978977544,0.9801548886737658,0.9801548886737658,-0.008344090776011392,,,,,,,,,0.0,0.5214285714285714,0.5214285714285714,-0.5214285714285714,0.0,0.5714285714285714,0.5714285714285714,-0.5714285714285714
01030000000078,0.519359530658346,0.47442311431408213,0.47442311431408213,0.04493641634426382,0.7131376659678547,0.700228832951945,0.700228832951945,0.012908833015909615,0.9128586609989372,0.8543080939947781,0.8543080939947781,0.05855056700415906,0.32558139534883723,0.2486173956762192,0.2486173956762192,0.07696399967261802,0.32558139534883723,0.46794871794871795,0.46794871794871795,-0.14236732259988072,,,,,,,,
01030000000079,0.48574686431014824,0.5957549445248432,0.5957549445248432,-0.11000808021469499,0.9714937286202965,0.8581765557163531,0.8581765557163531,0.11331717290394339,0.9714937286202965,0.8581765557163531,0.8581765557163531,0.11331717290394339,,,,,,,,,0.0,0.33333333333333337,0.33333333333333337,-0.33333333333333337,0.0,0.33333333333333337,0.33333333333333337,-0.33333333333333337
01030000000080,0.2718026401211859,0.5598930481283422,0.5598930481283422,-0.2880904080071563,0.5436052802423718,0.7864527629233511,0.7864527629233511,-0.24284748268097933,0.546205472379969,0.7864527629233511,0.7864527629233511,-0.24024729054338212,,,,,,,,,0.0,0.33333333333333337,0.33333333333333337,-0.33333333333333337,0.0,0.33333333333333337,0.33333333333333337,-0.33333333333333337
01030000000081,0.6760278670291646,0.9623415361670395,0.9623415361670395,-0.2863136691378749,0.8193771626297578,0.9246830723340791,0.9246830723340791,-0.1053059097043213,0.8644763860369609,0.987012987012987,0.987012987012987,-0.12253660097602614,0.5326785714285714,1.0,1.0,-0.46732142857142855,0.5714285714285714,1.0,1.0,-0.4285714285714286,,,,,,,,
01030000000082,0.7940193175954592,0.9476323208370014,0.9476323208370014,-0.15361300324154226,0.8439999999999999,0.8960109103307193,0.8960109103307193,-0.05201091033071947,0.9100917431192661,0.9780439121756487,0.9780439121756487,-0.06795216905638257,0.7440386351909185,0.9992537313432835,0.9992537313432835,-0.25521509615236504,0.8125,1.0,1.0,-0.1875,,,,,,,,
01030000000083,0.7248766811234166,0.9452537023549406,0.9452537023549406,-0.22037702123152392,0.7976298997265269,0.890507404709881,0.890507404709881,-0.09287750498335412,0.8702702702702703,0.9652042360060514,0.9652042360060514,-0.09493396573578117,0.6521234625203063,1.0,1.0,-0.3478765374796937,0.697841726618705,1.0,1.0,-0.302158273381295,,,,,,,,
01030000000084,0.8646776725491211,0.9533083059596434,0.9533083059596434,-0.08863063341052235,0.8775034932463903,0.9066166119192868,0.9066166119192868,-0.029113118672896454,0.9057471264367816,0.9627791563275434,0.9627791563275434,-0.05703202989076184,0.8518518518518519,1.0,1.0,-0.14814814814814814,0.8888888888888888,1.0,1.0,-0.11111111111111116,,,,,,,,
01030000000085,0.4621513944223107,0.8008021390374331,0.8008021390374331,-0.33865074461512246,0.9243027888446214,0.8863636363636364,0.8863636363636364,0.037939152480985006,0.9243027888446214,0.8863636363636364,0.8863636363636364,0.037939152480985006,,,,,,,,,0.0,0.7152406417112299,0.7152406417112299,-0.7152406417112299,0.0,0.75,0.75,-0.75
01030000000086,0.4956382410539434,0.6239320704432477,0.6239320704432477,-0.12829382938930434,0.9912764821078868,0.9813035121439805,0.9813035121439805,0.009972969963906286,0.9912764821078868,0.9813035121439805,0.9813035121439805,0.009972969963906286,,,,,,,,,0.0,0.26656062874251496,0.26656062874251496,-0.26656062874251496,0.0,0.625,0.625,-0.625
01030000000087,0.9985915492957748,0.9847222222222223,0.9847222222222223,0.013869327073552484,0.9985915492957748,0.9847222222222223,0.9847222222222223,0.013869327073552484,0.9985915492957748,0.9847222222222223,0.9847222222222223,0.013869327073552484,,,,,,,,,,,,,,,,
01030000000088,0.4889020432091877,0.920331285081513,0.920331285081513,-0.4314292418723253,0.7100646352723915,0.8408352668213456,0.8408352668213456,-0.13077063154895407,0.2210526315789474,0.9921259842519686,0.9921259842519686,-0.7710733526730212,0.26773945114598385,0.9998273033416804,0.9998273033416804,-0.7320878521956965,0.4157303370786517,1.0,1.0,-0.5842696629213483,,,,,,,,
01030000000089,0.42759032547028963,0.9239157069345749,0.9239157069345749,-0.4963253814642853,0.8551806509405793,0.8478314138691497,0.8478314138691497,0.007349237071429537,0.12755102040816324,1.0,1.0,-0.8724489795918368,0.0,1.0,1.0,-1.0,0.0,1.0,1.0,-1.0,,,,,,,,
01030000000090,0.41624963202826026,0.9241058744191917,0.9241058744191917,-0.5078562423909314,0.8324992640565205,0.848441247002398,0.848441247002398,-0.015941982945877453,0.12828736369467608,1.0,1.0,-0.8717126363053239,0.0,0.9997705018359853,0.9997705018359853,-0.9997705018359853,0.0,1.0,1.0,-1.0,,,,,,,,
01030000000091,0.49546152771959223,0.9288245655059988,0.9290209019427313,-0.4335593742231391,0.9909230554391845,0.9914911424187474,0.9916317991631799,-0.0007087437239954308,0.9909230554391845,0.9914911424187474,0.9916317991631799,-0.0007087437239954308,,,,,,,,,0.0,0.8661579885932503,0.8664100047222827,-0.8664100047222827,0.0,0.875,0.875,-0.875
01030000000092,0.4988444228196084,0.8937527959137916,0.8937527959137916,-0.39490837309418325,0.9976888456392168,0.9974474291965479,0.9974474291965479,0.00024141644266884033,0.9976888456392168,0.9974474291965479,0.9974474291965479,0.00024141644266884033,,,,,,,,,0.0,0.7900581626310353,0.7900581626310353,-0.7900581626310353,0.0,0.8,0.8,-0.8
01030000000093,0.9975351602145861,0.9972459776779243,0.9972459776779243,0.0002891825366617695,0.9975351602145861,0.9972459776779243,0.9972459776779243,0.0002891825366617695,0.9975351602145861,0.9972459776779243,0.9972459776779243,0.0002891825366617695,,,,,,,,,,,,,,,,
01030000000094,0.9755452742894911,0.9111111111111111,0.9111111111111111,0.06443416317838002,0.9755452742894911,0.9111111111111111,0.9111111111111111,0.06443416317838002,0.9755452742894911,0.9111111111111111,0.9111111111111111,0.06443416317838002,,,,,,,,,,,,,,,,
01030000000095,0.9658536585365853,0.9256850905712959,0.9256850905712959,0.04016856796528945,0.9658536585365853,0.9256850905712959,0.9256850905712959,0.04016856796528945,0.9658536585365853,0.9256850905712959,0.9256850905712959,0.04016856796528945,,,,,,,,,,,,,,,,
01030000000096,0.9614803625377644,0.9517757009345794,0.9517757009345794,0.00970466160318495,0.9614803625377644,0.9517757009345794,0.9517757009345794,0.00970466160318495,0.9614803625377644,0.9517757009345794,0.9517757009345794,0.00970466160318495,,,,,,,,,,,,,,,,
01030000000097,0.4761904761904761,0.7921061931027594,0.7921061931027594,-0.3159157169122833,0.9523809523809522,0.9461048505634493,0.9461048505634493,0.006276101817502933,0.9523809523809522,0.9461048505634493,0.9461048505634493,0.006276101817502933,,,,,,,,,0.0,0.6381075356420696,0.6381075356420696,-0.6381075356420696,0.0,0.6666666666666667,0.6666666666666667,-0.6666666666666667
01030000000098,0.8541609447953858,0.8355722729715207,0.8355722729715207,0.018588671823865144,0.8541609447953858,0.8355722729715207,0.8355722729715207,0.018588671823865144,0.8541609447953858,0.8355722729715207,0.8355722729715207,0.018588671823865144,,,,,,,,,,,,,,,,
01030000000099,0.46845574387947264,0.7488471991567758,0.7488471991567758,-0.28039145527730314,0.9369114877589453,0.8847161572052403,0.8847161572052403,0.052195330553704955,0.9369114877589453,0.8847161572052403,0.8847161572052403,0.052195330553704955,,,,,,,,,0.0,0.6129782411083111,0.6129782411083111,-0.6129782411083111,0.0,0.6666666666666667,0.6666666666666667,-0.6666666666666667
01030000000100,0.8714568226763348,0.8126115407495537,0.8126115407495537,0.05884528192678118,0.8714568226763348,0.8126115407495537,0.8126115407495537,0.05884528192678118,0.8714568226763348,0.8126115407495537,0.8126115407495537,0.05884528192678118,,,,,,,,,,,,,,,,
01030000000101,0.4939538292414804,0.894688009189683,0.894688009189683,-0.40073417994820265,0.9879076584829608,0.994384765625,0.994384765625,-0.006477107142039196,0.9879076584829608,0.994384765625,0.994384765625,-0.006477107142039196,,,,,,,,,0.0,0.7949912527543661,0.7949912527543661,-0.7949912527543661,0.0,0.8,0.8,-0.8
01030000000102,0.9423576250649126,0.9335378323108384,0.9335378323108384,0.008819792754074185,0.9423576250649126,0.9335378323108384,0.9335378323108384,0.008819792754074185,0.9423576250649126,0.9335378323108384,0.9335378323108384,0.008819792754074185,,,,,,,,,,,,,,,,
01030000000103,0.4844083724903887,0.8333234628900505,0.8333234628900505,-0.34891509039966184,0.9688167449807774,0.9363784665579119,0.9363784665579119,0.03243827842286551,0.9688167449807774,0.9363784665579119,0.9363784665579119,0.03243827842286551,,,,,,,,,0.0,0.7302684592221893,0.7302684592221893,-0.7302684592221893,0.0,0.8823529411764706,0.8823529411764706,-0.8823529411764706
01030000000104,0.48459958932238195,0.9263821763838489,0.9263821763838489,-0.44178258706146695,0.9691991786447639,0.9579746835443038,0.9579746835443038,0.011224495100460086,0.9691991786447639,0.9579746835443038,0.9579746835443038,0.011224495100460086,,,,,,,,,0.0,0.8947896692233941,0.8947896692233941,-0.8947896692233941,0.0,1.0,1.0,-1.0
01030000000105,0.45726915520628686,0.9218801672548371,0.9218801672548371,-0.46461101204855026,0.9145383104125737,0.9045079980610761,0.9045079980610761,0.01003031235149765,0.9145383104125737,0.9045079980610761,0.9045079980610761,0.01003031235149765,,,,,,,,,0.0,0.9392523364485982,0.9392523364485982,-0.9392523364485982,0.0,1.0,1.0,-1.0
01030000000106,0.8285198555956679,0.8221957040572793,0.8221957040572793,0.0063241515383886115,0.8285198555956679,0.8221957040572793,0.8221957040572793,0.0063241515383886115,0.8285198555956679,0.8221957040572793,0.8221957040572793,0.0063241515383886115,,,,,,,,,,,,,,,,
01030000000107,0.21906693711967545,0.61491117053532,0.61491117053532,-0.3958442334156445,0.4381338742393509,0.46480231436837033,0.46480231436837033,-0.026668440129019422,0.4381338742393509,0.46480231436837033,0.46480231436837033,-0.026668440129019422,,,,,,,,,0.0,0.7650200267022697,0.7650200267022697,-0.7650200267022697,0.0,1.0,1.0,-1.0
01030000000108,0.4559633027522936,0.7587115638198254,0.7587115638198254,-0.30274826106753183,0.9119266055045872,0.6786171574903971,0.6786171574903971,0.23330944801419007,0.9119266055045872,0.03597122302158273,0.03597122302158273,0.8759553824830044,,,,,,,,,0.0,0.8388059701492537,0.8388059701492537,-0.8388059701492537,0.0,1.0,1.0,-1.0
01030000000109,0.4359605911330049,0.8018285193288386,0.8018285193288386,-0.3658679281958337,0.8719211822660098,0.9096267190569745,0.9096267190569745,-0.03770553679096467,0.8719211822660098,0.9096267190569745,0.9096267190569745,-0.03770553679096467,,,,,,,,,0.0,0.6940303196007027,0.6940303196007027,-0.6940303196007027,0.0,0.8,0.8,-0.8
01030000000110,0.2593392355862665,0.25912408759124084,0.2592831079630822,5.612762318429887e-05,0.518678471172533,0.5182481751824817,0.5185662159261644,0.00011225524636859774,0.9844262295081967,0.9785164167004459,0.9789303079416531,0.005495921566543549,0.0,0.0,0.0,0.0,0.0,0.0,0.0,0.0,,,,,,,,
01030000000111,0.45077720207253885,0.7787893116372294,0.7787893116372294,-0.32801210956469057,0.9015544041450777,0.891465677179963,0.891465677179963,0.010088726965114758,0.9015544041450777,0.891465677179963,0.891465677179963,0.010088726965114758,,,,,,,,,0.0,0.6661129460944959,0.6661129460944959,-0.6661129460944959,0.0,0.75,0.75,-0.75
01030000000112,0.9889682024659312,0.9803795432614989,0.9803795432614989,0.008588659204432303,0.9889682024659312,0.9803795432614989,0.9803795432614989,0.008588659204432303,0.9889682024659312,0.9803795432614989,0.9803795432614989,0.008588659204432303,,,,,,,,,,,,,,,,
01030000000113,0.48658051689860843,0.8538715949853843,0.8538715949853843,-0.3672910780867759,0.9731610337972169,0.96959627845157,0.96959627845157,0.0035647553456468195,0.9731610337972169,0.96959627845157,0.96959627845157,0.0035647553456468195,,,,,,,,,0.0,0.7381469115191986,0.7381469115191986,-0.7381469115191986,0.0,0.75,0.75,-0.75
01030000000114,0.998639455782313,0.9959183673469387,0.9959183673469387,0.0027210884353742193,0.998639455782313,0.9959183673469387,0.9959183673469387,0.0027210884353742193,0.998639455782313,0.9959183673469387,0.9959183673469387,0.0027210884353742193,,,,,,,,,,,,,,,,
01030000000115,0.49777777777777776,0.9040090972714809,0.9040090972714809,-0.40623131949370317,0.9955555555555555,0.9871447902571042,0.9871447902571042,0.008410765298451306,0.9955555555555555,0.9871447902571042,0.9871447902571042,0.008410765298451306,,,,,,,,,0.0,0.8208734042858576,0.8208734042858576,-0.8208734042858576,0.0,0.8571428571428572,0.8571428571428572,-0.8571428571428572
01030000000116,0.7969260993341647,0.6872791008661825,0.6872791008661825,0.1096469984679822,0.8833258828788556,0.8093255620316403,0.8093255620316403,0.0740003208472153,0.9258266309204647,0.8669354838709676,0.8669354838709676,0.05889114704949705,0.7105263157894737,0.5652326397007248,0.5652326397007248,0.14529367608874888,0.7105263157894737,0.6346153846153846,0.6346153846153846,0.07591093117408909,,,,,,,,
01030000000117,0.29513888888888884,0.6959362212171021,0.6959362212171021,-0.40079733232821324,0.8854166666666665,0.8887365775645419,0.8887365775645419,-0.003319910897875422,0.9125475285171103,0.9039209817419934,0.9039209817419934,0.008626546775116872,0.0,0.6428571428571428,0.6428571428571428,-0.6428571428571428,0.0,0.7666666666666666,0.7666666666666666,-0.7666666666666666,0.0,0.5562149432296213,0.5562149432296213,-0.5562149432296213,0.0,0.8333333333333334,0.8333333333333334,-0.8333333333333334
01030000000118,0.42400970088924816,0.6221272712424892,0.6221272712424892,-0.19811757035324107,0.8480194017784963,0.8355795148247978,0.8355795148247978,0.012439886953698576,0.8480194017784963,0.8355795148247978,0.8355795148247978,0.012439886953698576,,,,,,,,,0.0,0.4086750276601806,0.4086750276601806,-0.4086750276601806,0.0,0.6666666666666667,0.6666666666666667,-0.6666666666666667
01030000000119,0.4465566714490674,0.8800275928435357,0.8800275928435357,-0.4334709213944683,0.8931133428981348,0.949449125081011,0.949449125081011,-0.05633578218287616,0.9176672384219554,0.9893370421882244,0.9893370421882244,-0.07166980376626897,0.0,0.8106060606060606,0.8106060606060606,-0.8106060606060606,0.0,0.8181818181818181,0.8181818181818181,-0.8181818181818181,,,,,,,,
01030000000120,0.4444088433194489,0.9497729852440409,0.9497729852440409,-0.505364141924592,0.8888176866388978,0.8995459704880817,0.8995459704880817,-0.010728283849183895,0.7426597582037996,0.9418221734357849,0.9418221734357849,-0.1991624152319853,0.0,1.0,1.0,-1.0,0.0,1.0,1.0,-1.0,,,,,,,,
01030000000121,0.31251208663701413,0.9016651111530676,0.9016651111530676,-0.5891530245160534,0.9375362599110424,0.9558577016204136,0.9558577016204136,-0.018321441709371222,0.8517954298150162,0.9873540856031129,0.9873540856031129,-0.13555865578809667,0.0,0.9937888198757764,0.9937888198757764,-0.9937888198757764,0.0,1.0,1.0,-1.0,0.0,0.7553488119630125,0.7553488119630125,-0.7553488119630125,0.0,0.8,0.8,-0.8
01030000000122,0.2623145400593472,0.5142669068109739,0.5142669068109739,-0.2519523667516267,0.7869436201780415,0.8049426301853486,0.8049426301853486,-0.01799901000730708,0.9457917261055635,0.9657606777267914,0.9657606777267914,-0.019968951621227915,0.0,0.0,0.0,0.0,0.0,0.0,0.0,0.0,0.0,0.7378580902475731,0.7378580902475731,-0.7378580902475731,0.0,0.8571428571428572,0.8571428571428572,-0.8571428571428572
01030000000123,0.4435564435564436,0.9026701682885279,0.9026701682885279,-0.4591137247320843,0.8871128871128872,0.878698224852071,0.878698224852071,0.008414662260816108,0.8871128871128872,0.878698224852071,0.878698224852071,0.008414662260816108,,,,,,,,,0.0,0.9266421117249847,0.9266421117249847,-0.9266421117249847,0.0,1.0,1.0,-1.0
01030000000124,0.46717971933001357,0.8957609744309385,0.8957609744309385,-0.42858125510092493,0.9343594386600271,0.9232150875617422,0.9232150875617422,0.011144351098284933,0.9343594386600271,0.9232150875617422,0.9232150875617422,0.011144351098284933,,,,,,,,,0.0,0.8683068613001348,0.8683068613001348,-0.8683068613001348,0.0,1.0,1.0,-1.0
01030000000125,0.96695886716116,0.9993256911665543,0.9993256911665543,-0.03236682400539437,0.96695886716116,0.9993256911665543,0.9993256911665543,-0.03236682400539437,0.96695886716116,0.9993256911665543,0.9993256911665543,-0.03236682400539437,,,,,,,,,,,,,,,,
01030000000126,0.4537861915367483,0.8627543064526135,0.8627543064526135,-0.4089681149158652,0.9075723830734966,0.8973091707852828,0.8973091707852828,0.010263212288213808,0.9075723830734966,0.8973091707852828,0.8973091707852828,0.010263212288213808,,,,,,,,,0.0,0.8281994421199442,0.8281994421199442,-0.8281994421199442,0.0,1.0,1.0,-1.0
01030000000127,0.7355851520841326,0.6989237632601877,0.6989237632601877,0.036661388823944874,0.866853757405675,0.8248935857918684,0.8248935857918684,0.04196017161380661,0.9438502673796791,0.0,0.0,0.9438502673796791,0.60431654676259,0.572953940728507,0.572953940728507,0.03136260603408292,0.6618705035971223,0.5895953757225434,0.5895953757225434,0.0722751278745789,,,,,,,,
01030000000128,0.5310398785466859,0.9337764647956671,0.9337764647956671,-0.40273658624898123,0.6942800788954635,0.8675529295913342,0.8675529295913342,-0.17327285069587073,0.8393378773125607,0.8192552225249773,0.8192552225249773,0.02008265478758342,0.36779967819790815,1.0,1.0,-0.6322003218020918,0.5663716814159292,1.0,1.0,-0.4336283185840708,,,,,,,,
01030000000129,0.9253301320528212,0.9209457845712921,0.9209457845712921,0.0043843474815291605,0.9253301320528212,0.9209457845712921,0.9209457845712921,0.0043843474815291605,0.9253301320528212,0.9209457845712921,0.9209457845712921,0.0043843474815291605,,,,,,,,,,,,,,,,
01030000000130,0.7181292061292062,0.5804801693322004,0.5804801693322004,0.1376490367970058,0.8240000000000001,0.7602417730020147,0.7602417730020147,0.06375822699798539,0.8588298443370906,0.35245220282626766,0.35245220282626766,0.506377641510823,0.6122584122584123,0.40071856566238595,0.40071856566238595,0.21153984659602632,0.6756756756756757,0.4545454545454546,0.4545454545454546,0.22113022113022107,,,,,,,,
01030000000131,0.8625792811839323,0.8390745501285347,0.8390745501285347,0.023504731055397632,0.8625792811839323,0.8390745501285347,0.8390745501285347,0.023504731055397632,0.8625792811839323,0.8390745501285347,0.8390745501285347,0.023504731055397632,,,,,,,,,,,,,,,,
01030000000132,0.35838608974694364,0.8826923076923077,0.88280994089582,-0.5244238511488764,0.6636320828755298,0.8987179487179487,0.8989532151249733,-0.2353211322494435,0.7632653061224491,0.9372075843388328,0.9374692269817824,-0.17420392085933323,0.0531400966183575,0.8666666666666667,0.8666666666666667,-0.8135265700483092,0.05797101449275366,0.8666666666666667,0.8666666666666667,-0.808695652173913,,,,,,,,
01030000000133,0.49796046438657043,0.9566223028568976,0.9566223028568976,-0.4586618384703272,0.9959209287731409,0.9536009998437744,0.9536009998437744,0.042319928929366424,0.9959209287731409,0.9536009998437744,0.9536009998437744,0.042319928929366424,,,,,,,,,0.0,0.959643605870021,0.959643605870021,-0.959643605870021,0.0,1.0,1.0,-1.0
01030000000134,0.8250517598343685,0.8014077425842132,0.8014077425842132,0.023644017250155303,0.8250517598343685,0.8014077425842132,0.8014077425842132,0.023644017250155303,0.8250517598343685,0.8014077425842132,0.8014077425842132,0.023644017250155303,,,,,,,,,,,,,,,,
01030000000135,0.9956379498364231,0.9957736877982277,0.9957736877982277,-0.00013573796180466058,0.9956379498364231,0.9957736877982277,0.9957736877982277,-0.00013573796180466058,0.9956379498364231,0.9957736877982277,0.9957736877982277,-0.00013573796180466058,,,,,,,,,,,,,,,,
01030000000136,0.8422339991846718,0.8313883299798792,0.8313883299798792,0.010845669204792574,0.8422339991846718,0.8313883299798792,0.8313883299798792,0.010845669204792574,0.8422339991846718,0.8313883299798792,0.8313883299798792,0.010845669204792574,,,,,,,,,,,,,,,,
01030000000137,0.9762455328988858,0.9697222802255168,0.9697222802255168,0.006523252673369062,0.9762455328988858,0.9697222802255168,0.9697222802255168,0.006523252673369062,0.9762455328988858,0.9697222802255168,0.9697222802255168,0.006523252673369062,,,,,,,,,,,,,,,,
01030000000138,0.9992841803865425,0.9948334224122573,0.9948334224122573,0.004450757974285291,0.9992841803865425,0.9948334224122573,0.9948334224122573,0.004450757974285291,0.9992841803865425,0.9948334224122573,0.9948334224122573,0.004450757974285291,,,,,,,,,,,,,,,,
01030000000139,0.9579701723803989,0.9520692974013475,0.9520692974013475,0.005900874979051451,0.9579701723803989,0.9520692974013475,0.9520692974013475,0.005900874979051451,0.9579701723803989,0.9520692974013475,0.9520692974013475,0.005900874979051451,,,,,,,,,,,,,,,,
01030000000140,0.9031505250875146,0.8567188788128607,0.8567188788128607,0.046431646274653904,0.9031505250875146,0.8567188788128607,0.8567188788128607,0.046431646274653904,0.9031505250875146,0.8567188788128607,0.8567188788128607,0.046431646274653904,,,,,,,,,,,,,,,,
01030000000141,0.0034071550255536653,0.01011804384485665,0.01011804384485665,-0.006710888819302985,0.006814310051107331,0.0202360876897133,0.0202360876897133,-0.01342177763860597,0.006814310051107331,0.0202360876897133,0.0202360876897133,-0.01342177763860597,,,,,,,,,0.0,0.0,0.0,0.0,0.0,0.0,0.0,0.0
01030000000142,0.39266737513283734,0.9760232628517376,0.9766132714913875,-0.5839458963585502,0.7853347502656747,0.9734748010610079,0.974079528718704,-0.18874477845302928,0.8769808854762293,0.9734748010610079,0.974079528718704,-0.09709864324247464,,,,,,,,,0.0,0.9785717246424672,0.9791470142640711,-0.9791470142640711,0.0,1.0,1.0,-1.0
01030000000143,0.4237003912800447,0.9580521899757275,0.9584487426136977,-0.5347483513336531,0.8474007825600894,0.9727520435967303,0.9733514880373468,-0.1259507054772574,0.9004237288135593,0.9727520435967303,0.9733514880373468,-0.07292775922378758,,,,,,,,,0.0,0.9433523363547248,0.9435459971900486,-0.9435459971900486,0.0,1.0,1.0,-1.0
01030000000144,0.25835156819839533,0.8873785671296978,0.8873785671296978,-0.6290269989313024,0.5167031363967907,0.8922048997772829,0.8922048997772829,-0.37550176338049224,0.7377967457988797,0.8922048997772829,0.8922048997772829,-0.15440815397840324,,,,,,,,,0.0,0.8825522344821126,0.8825522344821126,-0.8825522344821126,0.0,1.0,1.0,-1.0
01030000000145,0.3526244952893675,0.9282217207154384,0.9282217207154384,-0.5755972254260708,0.705248990578735,0.9059420722603763,0.9059420722603763,-0.20069308168164124,0.8142810350474943,0.9059420722603763,0.9059420722603763,-0.09166103721288199,,,,,,,,,0.0,0.9505013691705004,0.9505013691705004,-0.9505013691705004,0.0,1.0,1.0,-1.0
01030000000146,0.3062817011314865,0.7339405879203339,0.7339405879203339,-0.4276588867888474,0.9188451033944596,0.9333824070666175,0.9333824070666175,-0.014537303672157886,0.9222958057395144,0.9504545454545454,0.9504545454545454,-0.028158739715031023,0.0,0.3978260869565218,0.3978260869565218,-0.3978260869565218,0.0,0.5217391304347826,0.5217391304347826,-0.5217391304347826,0.0,0.8706132697378626,0.8706132697378626,-0.8706132697378626,0.0,1.0,1.0,-1.0
01030000000147,0.22374702177378059,0.5887853717426975,0.5887853717426975,-0.36503834996891693,0.6101089480264332,0.7425169505539937,0.7425169505539937,-0.13240800252756046,0.4968152866242038,0.8961267605633804,0.8961267605633804,-0.39931147393917654,0.06113211729490853,0.7042916008689943,0.7042916008689943,-0.6431594835740858,0.19266055045871555,0.7916666666666666,0.7916666666666666,-0.5990061162079511,0.0,0.3195475638051044,0.3195475638051044,-0.3195475638051044,0.0,0.8,0.8,-0.8
01030000000148,0.42610652663165793,0.6008621450547185,0.6008621450547185,-0.17475561842306053,0.8522130532633159,0.8208092485549133,0.8208092485549133,0.03140380470840254,0.8522130532633159,0.8208092485549133,0.8208092485549133,0.03140380470840254,,,,,,,,,0.0,0.3809150415545236,0.3809150415545236,-0.3809150415545236,0.0,1.0,1.0,-1.0
01030000000149,0.42899761336515513,0.9647588765235824,0.965042372881356,-0.5360447595162008,0.8579952267303103,0.9295177530471648,0.9300847457627118,-0.07208951903240157,0.6973572037510656,0.8937568455640745,0.8949671772428884,-0.19760997349182285,0.0,1.0,1.0,-1.0,0.0,1.0,1.0,-1.0,,,,,,,,
01030000000150,0.29653080068592536,0.7051708805580872,0.7051708805580872,-0.40864007987216183,0.889592402057776,0.8499308437067774,0.8499308437067774,0.039661558350998605,0.4463690872751499,0.8541392904073587,0.8541392904073587,-0.4077702031322088,0.0,0.5962424035393907,0.5962424035393907,-0.5962424035393907,0.0,0.6,0.6,-0.6,0.0,0.6693393944280934,0.6693393944280934,-0.6693393944280934,0.0,0.75,0.75,-0.75
01030000000151,0.4968017057569296,0.7894110185643081,0.7894110185643081,-0.29260931280737845,0.9936034115138592,0.9845938375350142,0.9845938375350142,0.009009573978845054,0.9936034115138592,0.9845938375350142,0.9845938375350142,0.009009573978845054,,,,,,,,,0.0,0.594228199593602,0.594228199593602,-0.594228199593602,0.0,0.8,0.8,-0.8
01030000000152,0.9092878418629841,0.8958889482114255,0.8961836135575126,0.013104228305471421,0.9092878418629841,0.8958889482114255,0.8961836135575126,0.013104228305471421,0.9092878418629841,0.8958889482114255,0.8961836135575126,0.013104228305471421,,,,,,,,,,,,,,,,
01030000000153,0.4982707509881423,0.7342293169455605,0.7342293169455605,-0.2359585659574182,0.9965415019762845,0.9197544896567402,0.9197544896567402,0.07678701231954432,0.9965415019762845,0.9197544896567402,0.9197544896567402,0.07678701231954432,,,,,,,,,0.0,0.5487041442343809,0.5487041442343809,-0.5487041442343809,0.0,0.5714285714285714,0.5714285714285714,-0.5714285714285714
01030000000154,0.46983311938382544,0.738625075389364,0.738625075389364,-0.2687919560055385,0.9396662387676509,0.9244332493702772,0.9244332493702772,0.01523298939737372,0.9396662387676509,0.9244332493702772,0.9244332493702772,0.01523298939737372,,,,,,,,,0.0,0.5528169014084507,0.5528169014084507,-0.5528169014084507,0.0,0.6666666666666667,0.6666666666666667,-0.6666666666666667
01030000000155,0.4562289562289562,0.7336427151842972,0.7336427151842972,-0.27741375895534104,0.9124579124579124,0.6413793103448274,0.6413793103448274,0.271078602113085,0.9124579124579124,0.06493506493506496,0.06493506493506496,0.8475228475228475,,,,,,,,,0.0,0.8259061200237671,0.8259061200237671,-0.8259061200237671,0.0,1.0,1.0,-1.0
01030000000156,0.265774378585086,0.6723765893632554,0.6723765893632554,-0.4066022107781694,0.531548757170172,0.8219657222805177,0.8219657222805177,-0.29041696511034565,0.6275992438563327,0.8219657222805177,0.8219657222805177,-0.19436647842418497,,,,,,,,,0.0,0.522787456445993,0.522787456445993,-0.522787456445993,0.0,0.6,0.6,-0.6
01030000000157,0.25607822410147996,0.7515224891777057,0.7515224891777057,-0.49544426507622574,0.5121564482029599,0.694019471488178,0.694019471488178,-0.18186302328521808,0.5502958579881656,0.694019471488178,0.694019471488178,-0.1437236135000124,,,,,,,,,0.0,0.8090255068672335,0.8090255068672335,-0.8090255068672335,0.0,1.0,1.0,-1.0
01030000000158,0.49707602339181295,0.956890681881443,0.956890681881443,-0.45981465848963005,0.9941520467836259,0.9538891476478808,0.9538891476478808,0.0402628991357451,0.9941520467836259,0.9538891476478808,0.9538891476478808,0.0402628991357451,,,,,,,,,0.0,0.9598922161150052,0.9598922161150052,-0.9598922161150052,0.0,1.0,1.0,-1.0
01030000000159,0.49629629629629624,0.9946194052934976,0.9946194052934976,-0.49832310899720134,0.9925925925925925,0.9929078014184397,0.9929078014184397,-0.0003152088258472352,0.9925925925925925,0.9929078014184397,0.9929078014184397,-0.0003152088258472352,,,,,,,,,0.0,0.9963310091685555,0.9963310091685555,-0.9963310091685555,0.0,1.0,1.0,-1.0
01030000000160,0.9912609238451935,0.9915756630265211,0.9915756630265211,-0.0003147391813276279,0.9912609238451935,0.9915756630265211,0.9915756630265211,-0.0003147391813276279,0.9912609238451935,0.9915756630265211,0.9915756630265211,-0.0003147391813276279,,,,,,,,,,,,,,,,
01030000000161,0.9948486799742434,0.9951721918249115,0.9951721918249115,-0.00032351185066803456,0.9948486799742434,0.9951721918249115,0.9951721918249115,-0.00032351185066803456,0.9948486799742434,0.9951721918249115,0.9951721918249115,-0.00032351185066803456,,,,,,,,,,,,,,,,
01030000000162,0.9900071377587437,0.9809859154929578,0.9809859154929578,0.009021222265785944,0.9900071377587437,0.9809859154929578,0.9809859154929578,0.009021222265785944,0.9900071377587437,0.9809859154929578,0.9809859154929578,0.009021222265785944,,,,,,,,,,,,,,,,
01030000000163,0.4567420109119251,0.7554878338101917,0.7554878338101917,-0.29874582289826657,0.9134840218238502,0.8926426426426426,0.8926426426426426,0.020841379181207653,0.9134840218238502,0.8926426426426426,0.8926426426426426,0.020841379181207653,,,,,,,,,0.0,0.6183330249777408,0.6183330249777408,-0.6183330249777408,0.0,0.7647058823529411,0.7647058823529411,-0.7647058823529411
01030000000164,0.9984578100903283,0.9980180576965426,0.9980180576965426,0.0004397523937856862,0.9984578100903283,0.9980180576965426,0.9980180576965426,0.0004397523937856862,0.9984578100903283,0.9980180576965426,0.9980180576965426,0.0004397523937856862,,,,,,,,,,,,,,,,
01030000000165,0.27798338679167695,0.812920869998511,0.812920869998511,-0.5349374832068341,0.8339501603750308,0.8757340850364106,0.8757340850364106,-0.04178392466137981,0.8582844965370272,0.8711855252497975,0.8711855252497975,-0.012901028712770324,0.0,1.0,1.0,-1.0,0.0,1.0,1.0,-1.0,0.0,0.5630285249591225,0.5630285249591225,-0.5630285249591225,0.0,0.6666666666666667,0.6666666666666667,-0.6666666666666667
01030000000166,0.28699551569506726,0.747887688005929,0.747887688005929,-0.4608921723108617,0.8609865470852018,0.8986344537815127,0.8986344537815127,-0.03764790669631091,0.8886798369394795,0.8775235531628534,0.8775235531628534,0.011156283776626141,0.0,0.6570303474628988,0.6570303474628988,-0.6570303474628988,0.0,0.8181818181818181,0.8181818181818181,-0.8181818181818181,0.0,0.6879982627733752,0.6879982627733752,-0.6879982627733752,0.0,0.7777777777777778,0.7777777777777778,-0.7777777777777778
01030000000167,0.49136,0.9867537520749166,0.9867537520749166,-0.49539375207491654,0.98272,0.9828882136574444,0.9828882136574444,-0.00016821365744434935,0.98272,0.9828882136574444,0.9828882136574444,-0.00016821365744434935,,,,,,,,,0.0,0.9906192904923886,0.9906192904923886,-0.9906192904923886,0.0,1.0,1.0,-1.0
01030000000168,0.46546546546546547,0.9330010184506476,0.9330010184506476,-0.4675355529851822,0.9309309309309309,0.9268812619910467,0.9268812619910467,0.004049668939884232,0.9309309309309309,0.9268812619910467,0.9268812619910467,0.004049668939884232,,,,,,,,,0.0,0.9391207749102486,0.9391207749102486,-0.9391207749102486,0.0,1.0,1.0,-1.0
01030000000169,0.4780367548184671,0.9500912180670036,0.9500912180670036,-0.4720544632485365,0.9560735096369342,0.9512140788594343,0.9512140788594343,0.00485943077749984,0.9560735096369342,0.9512140788594343,0.9512140788594343,0.00485943077749984,,,,,,,,,0.0,0.9489683572745727,0.9489683572745727,-0.9489683572745727,0.0,1.0,1.0,-1.0
01030000000170,0.6964583465929959,0.7275013304566225,0.7275013304566225,-0.031042983863626583,0.8377430666241632,0.8295987493486191,0.8295987493486191,0.0081443172755441,0.9335984095427434,0.8416608022519353,0.8416608022519353,0.09193760729080813,0.5551736265618287,0.6254039115646259,0.6254039115646259,-0.07023028500279727,0.7516778523489933,0.6428571428571428,0.6428571428571428,0.10882070949185052,,,,,,,,
01030000000171,0.47144006436041835,0.46250687065511165,0.46250687065511165,0.008933193705306708,0.9428801287208367,0.7339055793991416,0.7339055793991416,0.20897454932169512,0.9428801287208367,0.3473208521626856,0.3473208521626856,0.5955592765581511,,,,,,,,,0.0,0.1911081619110817,0.1911081619110817,-0.1911081619110817,0.0,0.2727272727272727,0.2727272727272727,-0.2727272727272727
01030000000172,0.9538461538461537,0.7957512724053994,0.7957512724053994,0.15809488144075423,0.9538461538461537,0.7957512724053994,0.7957512724053994,0.15809488144075423,0.9538461538461537,0.283888635326335,0.283888635326335,0.6699575185198187,,,,,,,,,,,,,,,,
01030000000173,0.4957310565635005,0.9293130246359875,0.9293130246359875,-0.433581968072487,0.991462113127001,0.9683445770627919,0.9683445770627919,0.023117536064209188,0.991462113127001,0.9683445770627919,0.9683445770627919,0.023117536064209188,,,,,,,,,0.0,0.8902814722091831,0.8902814722091831,-0.8902814722091831,0.0,1.0,1.0,-1.0
01030000000174,0.49079143852663015,0.9609773483013564,0.9609773483013564,-0.47018590977472624,0.9815828770532603,0.971540726202159,0.971540726202159,0.010042150851101272,0.9815828770532603,0.971540726202159,0.971540726202159,0.010042150851101272,,,,,,,,,0.0,0.9504139704005539,0.9504139704005539,-0.9504139704005539,0.0,1.0,1.0,-1.0
01030000000175,0.49630872483221483,0.9849902642345276,0.9849902642345276,-0.4886815394023128,0.9926174496644297,0.9850349185234453,0.9850349185234453,0.007582531140984394,0.9926174496644297,0.9850349185234453,0.9850349185234453,0.007582531140984394,,,,,,,,,0.0,0.98494560994561,0.98494560994561,-0.98494560994561,0.0,1.0,1.0,-1.0
01030000000176,0.49269243260798956,0.9524484347921774,0.9524484347921774,-0.4597560021841879,0.9853848652159791,0.975907484741407,0.975907484741407,0.009477380474572139,0.9853848652159791,0.975907484741407,0.975907484741407,0.009477380474572139,,,,,,,,,0.0,0.9289893848429479,0.9289893848429479,-0.9289893848429479,0.0,1.0,1.0,-1.0
01030000000177,0.4568860820986155,0.7670929996385234,0.7670929996385234,-0.3102069175399079,0.913772164197231,0.7461858529819695,0.7461858529819695,0.16758631121526146,0.913772164197231,0.8070009460737937,0.8070009460737937,0.10677121812343726,,,,,,,,,0.0,0.7880001462950772,0.7880001462950772,-0.7880001462950772,0.0,1.0,1.0,-1.0
01030000000178,0.30275173132315986,0.9735247005537087,0.9735247005537087,-0.6707729692305489,0.9082551939694796,0.9538988860325621,0.9538988860325621,-0.0456436920630825,0.8752466564349923,0.9813542688910697,0.9813542688910697,-0.10610761245607736,0.0,0.9984326018808778,0.9984326018808778,-0.9984326018808778,0.0,1.0,1.0,-1.0,0.0,0.9682426137476858,0.9682426137476858,-0.9682426137476858,0.0,1.0,1.0,-1.0
01030000000179,0.4980268350434096,0.9878972161298054,0.9878972161298054,-0.4898703810863958,0.9960536700868192,0.9836829836829837,0.9836829836829837,0.01237068640383554,0.9960536700868192,0.9836829836829837,0.9836829836829837,0.01237068640383554,,,,,,,,,0.0,0.9921114485766271,0.9921114485766271,-0.9921114485766271,0.0,1.0,1.0,-1.0
01030000000180,0.3015165031222123,0.846387814768322,0.846387814768322,-0.5448713116461097,0.9045495093666369,0.9084534476042072,0.9084534476042072,-0.0039039382375702925,0.8903225806451612,0.9508571428571428,0.9508571428571428,-0.06053456221198161,0.0,0.7119047619047618,0.7119047619047618,-0.7119047619047618,0.0,0.7272727272727273,0.7272727272727273,-0.7272727272727273,0.0,0.918805234795997,0.918805234795997,-0.918805234795997,0.0,1.0,1.0,-1.0
01030000000181,0.46555323590814196,0.9884046771574873,0.9884046771574873,-0.5228514412493452,0.9311064718162839,0.9803921568627451,0.9803921568627451,-0.049285685046461136,0.9311064718162839,0.9803921568627451,0.9803921568627451,-0.049285685046461136,,,,,,,,,0.0,0.9964171974522293,0.9964171974522293,-0.9964171974522293,0.0,1.0,1.0,-1.0
01030000000182,0.23223097112860894,0.7100006173444746,0.7100006173444746,-0.4777696462158657,0.6966929133858268,0.9018912529550828,0.9018912529550828,-0.20519833956925593,0.1578947368421053,0.3095525997581621,0.3095525997581621,-0.15165786291605676,0.0,0.5238095238095238,0.5238095238095238,-0.5238095238095238,0.0,0.5238095238095238,0.5238095238095238,-0.5238095238095238,0.0,0.7043010752688172,0.7043010752688172,-0.7043010752688172,0.0,0.75,0.75,-0.75
01030000000183,0.38604417670682734,0.4693641640256965,0.4693641640256965,-0.08331998731886914,0.7720883534136547,0.6221374045801527,0.6221374045801527,0.14995094883350202,0.7720883534136547,0.6221374045801527,0.6221374045801527,0.14995094883350202,,,,,,,,,0.0,0.3165909234712403,0.3165909234712403,-0.3165909234712403,0.0,0.5294117647058824,0.5294117647058824,-0.5294117647058824
01030000000184,0.3385689354275742,0.7819141348769936,0.7819141348769936,-0.44334519944941936,0.6771378708551484,0.845940594059406,0.845940594059406,-0.1688027232042576,0.6771378708551484,0.845940594059406,0.845940594059406,-0.1688027232042576,,,,,,,,,0.0,0.7178876756945811,0.7178876756945811,-0.7178876756945811,0.0,0.7692307692307692,0.7692307692307692,-0.7692307692307692
01030000000185,0.18388249305279875,0.8249692195382621,0.8260125976640014,-0.6421301046112027,0.3677649861055975,0.8391043397968606,0.8405162479834063,-0.4727512618778088,0.509402738077328,0.8391043397968606,0.8405162479834063,-0.33111350990607824,,,,,,,,,0.0,0.8108340992796635,0.8115089473445964,-0.8115089473445964,0.0,0.875,0.875,-0.875
01030000000186,0.17719597799279074,0.7423886314963588,0.743163668890463,-0.5659676908976723,0.3543919559855815,0.9422353573347663,0.9433709071390229,-0.5889789511534415,0.47577854671280273,0.9422353573347663,0.9433709071390229,-0.4675923604262202,,,,,,,,,0.0,0.5425419056579515,0.5429564306419032,-0.5429564306419032,0.0,0.6666666666666667,0.6666666666666667,-0.6666666666666667
01030000000187,0.1920235409208275,0.9743643950453643,0.9751461407603422,-0.7831225998395147,0.511542175019749,0.9840711625982624,0.9853305785123968,-0.47378840349264784,0.5807860262008734,0.994798596830773,0.9962555864234811,-0.4154695602226077,0.06452844774273347,0.9473684210526316,0.9473684210526316,-0.8828399733098982,0.11428571428571432,1.0,1.0,-0.8857142857142857,0.0,0.9916536014851985,0.9927394227159986,-0.9927394227159986,0.0,1.0,1.0,-1.0
01030000000188,0.1722242539884128,0.7593779645767323,0.7598029989444509,-0.5875787449560381,0.45957018615683176,0.9346935496827055,0.9354631562048483,-0.47589297004801656,0.4814174589455489,0.9762325139209561,0.9774823657080848,-0.4960649067625359,0.05710257580840661,0.8991026150100484,0.8991026150100484,-0.8420000392016418,0.4383954154727794,1.0,1.0,-0.5616045845272206,0.0,0.44433772903744295,0.44484322561845613,-0.44484322561845613,0.0,0.6666666666666667,0.6666666666666667,-0.6666666666666667
01030000000189,0.3391884017342212,0.7606455509191076,0.7608930605100196,-0.4217046587757984,0.6563798219584569,0.916162489196197,0.9166306695464362,-0.26025084758797934,0.6098321699094015,0.9762406860677632,0.9769598201742062,-0.36712765026480476,0.3611853832442068,0.7722229831529928,0.7722229831529928,-0.41103759990878597,0.7009803921568627,0.9328859060402684,0.9328859060402684,-0.23190551388340575,0.0,0.5935511804081333,0.59382552883063,-0.59382552883063,0.0,0.6666666666666667,0.6666666666666667,-0.6666666666666667
01030000000190,0.20622508269356565,0.840716753870773,0.8418034331803511,-0.6355783504867855,0.504285364460044,0.9229134466769706,0.9241605557699731,-0.4198751913099291,0.54587367450438,0.9462826523777629,0.947973786277919,-0.402100111773539,0.11438988362065294,0.6349298614675913,0.6349298614675913,-0.5205399778469384,0.22781065088757402,0.9036144578313253,0.9036144578313253,-0.6758038069437513,0.0,0.9643069534677573,0.9663198823034889,-0.9663198823034889,0.0,1.0,1.0,-1.0
01030000000191,0.1735917351632607,0.9960428614823202,0.998806008792936,-0.8252142736296753,0.3471834703265214,0.9951764963823723,0.9982513661202187,-0.6510678957936973,0.44609665427509293,0.9951764963823723,0.9982513661202187,-0.5521547118451258,,,,,,,,,0.0,0.9969092265822682,0.9993606514656533,-0.9993606514656533,0.0,1.0,1.0,-1.0
01030000000192,0.37296871644355356,0.9378746075539911,0.9392874109263658,-0.5663186944828122,0.37296871644355356,0.9378746075539911,0.9392874109263658,-0.5663186944828122,0.48087021755438863,0.9378746075539911,0.9392874109263658,-0.45841719337197717,,,,,,,,,,,,,,,,
01030000000193,0.31842418919766635,0.9913591542136831,0.9941200324412003,-0.6756958432435339,0.31842418919766635,0.9913591542136831,0.9941200324412003,-0.6756958432435339,0.42443551738467933,0.9913591542136831,0.9941200324412003,-0.569684515056521,,,,,,,,,,,,,,,,
01030000000194,0.4592910409643477,0.9959091550289181,0.9985931344963421,-0.5393020935319944,0.4592910409643477,0.9959091550289181,0.9985931344963421,-0.5393020935319944,0.4508691025186236,0.9959091550289181,0.9985931344963421,-0.5477240319777186,,,,,,,,,,,,,,,,
01030000000195,0.17429160620178724,0.9953499102764312,0.9981914121786026,-0.8238998059768154,0.3485832124035745,0.9943349195558578,0.9975152473458324,-0.6489320349422579,0.4814497716894978,0.9943349195558578,0.9975152473458324,-0.5160654756563345,,,,,,,,,0.0,0.9963649009970045,0.9988675770113727,-0.9988675770113727,0.0,1.0,1.0,-1.0
01030000000196,0.20042194092827004,0.9958441923420716,0.999383248568462,-0.7989613076401919,0.4008438818565401,0.99575209672149,0.9990229073933341,-0.598179025536794,0.49575508103936194,0.99575209672149,0.9990229073933341,-0.5032678263539722,,,,,,,,,0.0,0.9959362879626531,0.9997435897435898,-0.9997435897435898,0.0,1.0,1.0,-1.0
01030000000197,0.28732762401119144,0.9070655771415462,0.9077477121430603,-0.6204200881318689,0.7298120873539868,0.9567827130852341,0.9580335731414868,-0.2282214857875,0.5405982905982907,0.8991531947652041,0.9008455034588778,-0.36024721286058714,0.13217078467958743,0.7894736842105263,0.7894736842105263,-0.6573028995309389,0.15625,0.7894736842105263,0.7894736842105263,-0.6332236842105263,0.0,0.9749403341288783,0.9757358790771679,-0.9757358790771679,0.0,1.0,1.0,-1.0
01030000000198,0.4774193548387097,0.8946364731773868,0.8946364731773868,-0.41721711833867714,0.9548387096774194,0.8659217877094973,0.8659217877094973,0.088916921967922,0.9548387096774194,0.8659217877094973,0.8659217877094973,0.088916921967922,,,,,,,,,0.0,0.9233511586452763,0.9233511586452763,-0.9233511586452763,0.0,1.0,1.0,-1.0
01030000000199,0.2667346245327897,0.47879014843961265,0.47879014843961265,-0.21205552390682297,0.5334692490655794,0.7161159811193527,0.7161159811193527,-0.18264673205377335,0.6197530864197531,0.7711552612214864,0.7711552612214864,-0.15140217480173324,,,,,,,,,0.0,0.2414643157598726,0.2414643157598726,-0.2414643157598726,0.0,0.5384615384615384,0.5384615384615384,-0.5384615384615384
01030000000200,0.25172363209623,0.6237924658927048,0.6237924658927048,-0.37206883379647476,0.75517089628869,0.750869957468746,0.750869957468746,0.004300938819944089,0.05707196029776673,0.6546762589928057,0.6546762589928057,-0.597604298695039,0.0,0.4733821577589541,0.4733821577589541,-0.4733821577589541,0.0,0.5333333333333333,0.5333333333333333,-0.5333333333333333,0.0,0.6471252824504142,0.6471252824504142,-0.6471252824504142,0.0,0.75,0.75,-0.75
