document_id,overall_baseline,overall_candidate,overall_delta,nid_baseline,nid_candidate,nid_delta,teds_baseline,teds_candidate,teds_delta,mhs_baseline,mhs_candidate,mhs_delta
01030000000001,0.9861242223609357,0.9861242223609357,0.0,0.9923940601231438,0.9923940601231438,0.0,,,,0.9798543845987274,0.9798543845987274,0.0
01030000000002,0.9871358316158052,0.9871358316158052,0.0,0.9880492737635594,0.9880492737635594,0.0,,,,0.9862223894680511,0.9862223894680511,0.0
01030000000003,0.9593041866073817,0.9593041866073817,0.0,0.9637325273894976,0.9637325273894976,0.0,,,,0.954875845825266,0.954875845825266,0.0
01030000000004,0.9912717810988587,0.9912717810988587,0.0,0.9884778653729533,0.9884778653729533,0.0,,,,0.9940656968247642,0.9940656968247642,0.0
01030000000005,0.7972350230414746,0.7972350230414746,0.0,0.7972350230414746,0.7972350230414746,0.0,,,,,,
01030000000006,0.8727272727272728,0.8727272727272728,0.0,0.8727272727272728,0.8727272727272728,0.0,,,,,,
01030000000007,0.7615101485627669,0.9003088469433848,0.13879869838061787,0.9797430830039525,0.9802273850716757,0.00048430206772320794,,,,0.5432772141215811,0.8203903088150938,0.27711309469351264
01030000000008,0.8014505893019038,0.8014505893019038,0.0,0.8014505893019038,0.8014505893019038,0.0,,,,,,
01030000000009,0.7267652804912085,0.7267652804912085,0.0,0.7267652804912085,0.7267652804912085,0.0,,,,,,
01030000000010,0.9362939466032248,0.9362939466032248,0.0,0.9362939466032248,0.9362939466032248,0.0,,,,,,
01030000000011,0.9246736908318919,0.9246736908318919,0.0,0.9246736908318919,0.9246736908318919,0.0,,,,,,
01030000000012,0.9705819196907881,0.9705819196907881,0.0,0.9705819196907881,0.9705819196907881,0.0,,,,,,
01030000000013,0.5891584550122857,0.6852944023117753,0.0961359472994896,0.7463594870680287,0.7541340295909487,0.0077745425229199805,,,,0.4319574229565426,0.6164547750326019,0.18449735207605933
01030000000014,0.949579831932773,0.949579831932773,0.0,0.949579831932773,0.949579831932773,0.0,,,,,,
01030000000015,0.7397482744620382,0.9305724725943972,0.19082419813235907,0.7397482744620382,0.9305724725943972,0.19082419813235907,,,,,,
01030000000016,0.7689080105403782,0.7689080105403782,0.0,0.6932100959829364,0.6932100959829364,0.0,,,,0.84460592509782,0.84460592509782,0.0
01030000000017,0.9730205278592375,0.9730205278592375,0.0,0.9730205278592375,0.9730205278592375,0.0,,,,,,
01030000000018,0.8321005675220385,0.8321005675220385,0.0,0.7831149927219796,0.7831149927219796,0.0,,,,0.8810861423220974,0.8810861423220974,0.0
01030000000019,0.9939560061466608,0.9939560061466608,0.0,0.9983801295896328,0.9983801295896328,0.0,,,,0.9895318827036889,0.9895318827036889,0.0
01030000000020,0.9962714392244594,0.9962714392244594,0.0,0.9962714392244594,0.9962714392244594,0.0,,,,,,
01030000000021,0.8725106256419478,0.8725106256419478,0.0,0.9959088252483927,0.9959088252483927,0.0,,,,0.7491124260355029,0.7491124260355029,0.0
01030000000022,0.9958965941731637,0.9958965941731637,0.0,0.9958965941731637,0.9958965941731637,0.0,,,,,,
01030000000023,0.9984282907662082,0.9984282907662082,0.0,0.9984282907662082,0.9984282907662082,0.0,,,,,,
01030000000024,0.9989768774299163,0.9989768774299163,0.0,0.9989768774299163,0.9989768774299163,0.0,,,,,,
01030000000025,0.9983874683252707,0.9983874683252707,0.0,0.9983874683252707,0.9983874683252707,0.0,,,,,,
01030000000026,0.9974424552429667,0.9974424552429667,0.0,0.9974424552429667,0.9974424552429667,0.0,,,,,,
01030000000027,0.5791173304628633,0.5791173304628633,0.0,0.5791173304628633,0.5791173304628633,0.0,,,,,,
01030000000028,0.6269488763974633,0.6269488763974633,0.0,0.9890981169474727,0.9890981169474727,0.0,,,,0.2647996358474539,0.2647996358474539,0.0
01030000000029,0.7094473361910594,0.7094473361910594,0.0,0.9721212121212122,0.9721212121212122,0.0,,,,0.4467734602609067,0.4467734602609067,0.0
01030000000030,0.9515581610614008,0.9515581610614008,0.0,0.9515581610614008,0.9515581610614008,0.0,,,,,,
01030000000031,0.585802311778767,0.585802311778767,0.0,0.8881251074067709,0.8881251074067709,0.0,,,,0.28347951615076317,0.28347951615076317,0.0
01030000000032,0.9826730875064327,0.9826730875064327,0.0,0.9751424132573796,0.9751424132573796,0.0,,,,0.9902037617554859,0.9902037617554859,0.0
01030000000033,0.7541457286001231,0.7541457286001231,0.0,0.9315652379824769,0.9315652379824769,0.0,,,,0.5767262192177692,0.5767262192177692,0.0
01030000000034,0.8801198801198801,0.8801198801198801,0.0,0.8801198801198801,0.8801198801198801,0.0,,,,,,
01030000000035,0.9291008925936104,0.9291008925936104,0.0,0.9409178345699368,0.9409178345699368,0.0,,,,0.917283950617284,0.917283950617284,0.0
01030000000036,0.6496785734080659,0.6496785734080659,0.0,0.5230017251293847,0.5230017251293847,0.0,,,,0.776355421686747,0.776355421686747,0.0
01030000000037,0.5420573476876437,0.5420573476876437,0.0,0.6500233317778814,0.6500233317778814,0.0,,,,0.43409136359740597,0.43409136359740597,0.0
01030000000038,0.5822686021285737,0.5822686021285737,0.0,0.743452699091395,0.743452699091395,0.0,,,,0.42108450516575224,0.42108450516575224,0.0
01030000000039,0.7226400178733645,0.7226400178733645,0.0,0.6893106893106892,0.6893106893106892,0.0,,,,0.7559693464360397,0.7559693464360397,0.0
01030000000040,0.9932486100079428,0.9932486100079428,0.0,0.9932486100079428,0.9932486100079428,0.0,,,,,,
01030000000041,0.9565390749601277,0.9565390749601277,0.0,0.9565390749601277,0.9565390749601277,0.0,,,,,,
01030000000042,0.9878484631879914,0.9878484631879914,0.0,0.9878484631879914,0.9878484631879914,0.0,,,,,,
01030000000043,0.8155747260433668,0.8155747260433668,0.0,0.8155747260433668,0.8155747260433668,0.0,,,,,,
01030000000044,0.7581906145819572,0.7581906145819572,0.0,0.6796338672768879,0.6796338672768879,0.0,,,,0.8367473618870267,0.8367473618870267,0.0
01030000000045,0.8293918918918919,0.8293918918918919,0.0,0.875,0.875,0.0,0.7837837837837838,0.7837837837837838,0.0,,,
01030000000046,0.731501511841767,0.731501511841767,0.0,0.7938780548012836,0.7938780548012836,0.0,0.6691249688822505,0.6691249688822505,0.0,,,
01030000000047,0.6794923200296095,0.6794923200296095,0.0,0.7427055702917772,0.7427055702917772,0.0,0.6162790697674418,0.6162790697674418,0.0,,,
01030000000048,0.9972389927000597,0.9972389927000597,0.0,0.9955649419218585,0.9955649419218585,0.0,,,,0.9989130434782608,0.9989130434782608,0.0
01030000000049,0.9904153354632588,0.9904153354632588,0.0,0.9904153354632588,0.9904153354632588,0.0,,,,,,
01030000000050,0.9847653869591713,0.9847653869591713,0.0,0.9847653869591713,0.9847653869591713,0.0,,,,,,
01030000000051,0.9270868884645999,0.9270868884645999,0.0,0.9351669941060904,0.9351669941060904,0.0,0.8940355145250668,0.8940355145250668,0.0,0.9520581567626426,0.9520581567626426,0.0
01030000000052,0.884889308440618,0.884889308440618,0.0,0.9308755760368663,0.9308755760368663,0.0,0.8389030408443696,0.8389030408443696,0.0,,,
01030000000053,0.9327547638625329,0.9327547638625329,0.0,0.9442417926003127,0.9442417926003127,0.0,0.8969610540934254,0.8969610540934254,0.0,0.9570614448938606,0.9570614448938606,0.0
01030000000054,0.8969712321373174,0.8969712321373174,0.0,0.9974196575181797,0.9974196575181797,0.0,,,,0.7965228067564551,0.7965228067564551,0.0
01030000000055,0.9501862197392924,0.9501862197392924,0.0,0.9501862197392924,0.9501862197392924,0.0,,,,,,
01030000000056,0.893735130848533,0.893735130848533,0.0,0.893735130848533,0.893735130848533,0.0,,,,,,
01030000000057,0.9223826714801444,0.9223826714801444,0.0,0.9223826714801444,0.9223826714801444,0.0,,,,,,
01030000000058,0.9311260443746833,0.9311260443746833,0.0,0.9151256519677573,0.9151256519677573,0.0,,,,0.9471264367816092,0.9471264367816092,0.0
01030000000059,0.7373447946513849,0.7373447946513849,0.0,0.7373447946513849,0.7373447946513849,0.0,,,,,,
01030000000060,0.8576131687242798,0.8576131687242798,0.0,0.8576131687242798,0.8576131687242798,0.0,,,,,,
01030000000061,0.9298515104966718,0.9298515104966718,0.0,0.9298515104966718,0.9298515104966718,0.0,,,,,,
01030000000062,0.9935654456617402,0.9935654456617402,0.0,0.9921686746987952,0.9921686746987952,0.0,,,,0.9949622166246851,0.9949622166246851,0.0
01030000000063,0.9689119170984456,0.9689119170984456,0.0,0.9689119170984456,0.9689119170984456,0.0,,,,,,
01030000000064,0.9313156742556918,0.9313156742556918,0.0,0.9251313485113836,0.9251313485113836,0.0,0.9375,0.9375,0.0,,,
01030000000065,0.9931522714629357,0.9931522714629357,0.0,0.9910913140311804,0.9910913140311804,0.0,,,,0.995213228894691,0.995213228894691,0.0
01030000000066,0.9618247298919568,0.9618247298919568,0.0,0.9618247298919568,0.9618247298919568,0.0,,,,,,
01030000000067,0.9771805665033162,0.9771805665033162,0.0,0.9745186862967158,0.9745186862967158,0.0,,,,0.9798424467099166,0.9798424467099166,0.0
01030000000068,0.9847715736040609,0.9847715736040609,0.0,0.9847715736040609,0.9847715736040609,0.0,,,,,,
01030000000069,0.6084442288283727,0.6084442288283727,0.0,0.9872734284612418,0.9872734284612418,0.0,,,,0.2296150291955037,0.2296150291955037,0.0
01030000000070,0.8066852367688022,0.8066852367688022,0.0,0.8066852367688022,0.8066852367688022,0.0,,,,,,
01030000000071,0.8612999170517834,0.8612999170517834,0.0,0.8132183908045977,0.8132183908045977,0.0,,,,0.9093814432989691,0.9093814432989691,0.0
01030000000072,0.5581929555895866,0.5581929555895866,0.0,0.5581929555895866,0.5581929555895866,0.0,,,,,,
01030000000073,0.813632441760138,0.813632441760138,0.0,0.813632441760138,0.813632441760138,0.0,,,,,,
01030000000074,0.8828671328671329,0.8828671328671329,0.0,0.8828671328671329,0.8828671328671329,0.0,,,,,,
01030000000075,0.9929478138222849,0.9929478138222849,0.0,0.9929478138222849,0.9929478138222849,0.0,,,,,,
01030000000076,0.48816029143898,0.48816029143898,0.0,0.48816029143898,0.48816029143898,0.0,,,,,,
01030000000077,0.6734741715683419,0.6734741715683419,0.0,0.8255197717081125,0.8255197717081125,0.0,,,,0.5214285714285714,0.5214285714285714,0.0
01030000000078,0.47442311431408213,0.47442311431408213,0.0,0.700228832951945,0.700228832951945,0.0,0.2486173956762192,0.2486173956762192,0.0,,,
01030000000079,0.5957549445248432,0.8691015701464561,0.2733466256216128,0.8581765557163531,0.9885931558935361,0.13041660017718304,,,,0.33333333333333337,0.749609984399376,0.4162766510660426
01030000000080,0.5598930481283422,0.8663262510510057,0.3064332029226635,0.7864527629233511,0.9843081312410843,0.1978553683177332,,,,0.33333333333333337,0.7483443708609272,0.41501103752759383
01030000000081,0.9623415361670395,0.9623415361670395,0.0,0.9246830723340791,0.9246830723340791,0.0,1.0,1.0,0.0,,,
01030000000082,0.9476323208370014,0.9476323208370014,0.0,0.8960109103307193,0.8960109103307193,0.0,0.9992537313432835,0.9992537313432835,0.0,,,
01030000000083,0.9452537023549406,0.9452537023549406,0.0,0.890507404709881,0.890507404709881,0.0,1.0,1.0,0.0,,,
01030000000084,0.9533083059596434,0.9533083059596434,0.0,0.9066166119192868,0.9066166119192868,0.0,1.0,1.0,0.0,,,
01030000000085,0.8008021390374331,0.8008021390374331,0.0,0.8863636363636364,0.8863636363636364,0.0,,,,0.7152406417112299,0.7152406417112299,0.0
01030000000086,0.6239320704432477,0.6239320704432477,0.0,0.9813035121439805,0.9813035121439805,0.0,,,,0.26656062874251496,0.26656062874251496,0.0
01030000000087,0.9847222222222223,0.9847222222222223,0.0,0.9847222222222223,0.9847222222222223,0.0,,,,,,
01030000000088,0.920331285081513,0.920331285081513,0.0,0.8408352668213456,0.8408352668213456,0.0,0.9998273033416804,0.9998273033416804,0.0,,,
01030000000089,0.9239157069345749,0.9239157069345749,0.0,0.8478314138691497,0.8478314138691497,0.0,1.0,1.0,0.0,,,
01030000000090,0.9241058744191917,0.9241058744191917,0.0,0.848441247002398,0.848441247002398,0.0,0.9997705018359853,0.9997705018359853,0.0,,,
01030000000091,0.9290209019427313,0.9290209019427313,0.0,0.9916317991631799,0.9916317991631799,0.0,,,,0.8664100047222827,0.8664100047222827,0.0
01030000000092,0.8937527959137916,0.8937527959137916,0.0,0.9974474291965479,0.9974474291965479,0.0,,,,0.7900581626310353,0.7900581626310353,0.0
01030000000093,0.9972459776779243,0.9972459776779243,0.0,0.9972459776779243,0.9972459776779243,0.0,,,,,,
01030000000094,0.9111111111111111,0.9111111111111111,0.0,0.9111111111111111,0.9111111111111111,0.0,,,,,,
01030000000095,0.9256850905712959,0.9256850905712959,0.0,0.9256850905712959,0.9256850905712959,0.0,,,,,,
01030000000096,0.9517757009345794,0.9517757009345794,0.0,0.9517757009345794,0.9517757009345794,0.0,,,,,,
01030000000097,0.7921061931027594,0.7921061931027594,0.0,0.9461048505634493,0.9461048505634493,0.0,,,,0.6381075356420696,0.6381075356420696,0.0
01030000000098,0.8355722729715207,0.8355722729715207,0.0,0.8355722729715207,0.8355722729715207,0.0,,,,,,
01030000000099,0.7488471991567758,0.7488471991567758,0.0,0.8847161572052403,0.8847161572052403,0.0,,,,0.6129782411083111,0.6129782411083111,0.0
01030000000100,0.8126115407495537,0.8126115407495537,0.0,0.8126115407495537,0.8126115407495537,0.0,,,,,,
01030000000101,0.894688009189683,0.894688009189683,0.0,0.994384765625,0.994384765625,0.0,,,,0.7949912527543661,0.7949912527543661,0.0
01030000000102,0.9335378323108384,0.9335378323108384,0.0,0.9335378323108384,0.9335378323108384,0.0,,,,,,
01030000000103,0.8333234628900505,0.8333234628900505,0.0,0.9363784665579119,0.9363784665579119,0.0,,,,0.7302684592221893,0.7302684592221893,0.0
01030000000104,0.9263821763838489,0.9263821763838489,0.0,0.9579746835443038,0.9579746835443038,0.0,,,,0.8947896692233941,0.8947896692233941,0.0
01030000000105,0.9218801672548371,0.9218801672548371,0.0,0.9045079980610761,0.9045079980610761,0.0,,,,0.9392523364485982,0.9392523364485982,0.0
01030000000106,0.8221957040572793,0.8221957040572793,0.0,0.8221957040572793,0.8221957040572793,0.0,,,,,,
01030000000107,0.61491117053532,0.61491117053532,0.0,0.46480231436837033,0.46480231436837033,0.0,,,,0.7650200267022697,0.7650200267022697,0.0
01030000000108,0.7587115638198254,0.7587115638198254,0.0,0.6786171574903971,0.6786171574903971,0.0,,,,0.8388059701492537,0.8388059701492537,0.0
01030000000109,0.8018285193288386,0.8018285193288386,0.0,0.9096267190569745,0.9096267190569745,0.0,,,,0.6940303196007027,0.6940303196007027,0.0
01030000000110,0.2592831079630822,0.2592831079630822,0.0,0.5185662159261644,0.5185662159261644,0.0,0.0,0.0,0.0,,,
01030000000111,0.7787893116372294,0.7787893116372294,0.0,0.891465677179963,0.891465677179963,0.0,,,,0.6661129460944959,0.6661129460944959,0.0
01030000000112,0.9803795432614989,0.9803795432614989,0.0,0.9803795432614989,0.9803795432614989,0.0,,,,,,
01030000000113,0.8538715949853843,0.8538715949853843,0.0,0.96959627845157,0.96959627845157,0.0,,,,0.7381469115191986,0.7381469115191986,0.0
01030000000114,0.9959183673469387,0.9959183673469387,0.0,0.9959183673469387,0.9959183673469387,0.0,,,,,,
01030000000115,0.9040090972714809,0.9040090972714809,0.0,0.9871447902571042,0.9871447902571042,0.0,,,,0.8208734042858576,0.8208734042858576,0.0
01030000000116,0.6872791008661825,0.6872791008661825,0.0,0.8093255620316403,0.8093255620316403,0.0,0.5652326397007248,0.5652326397007248,0.0,,,
01030000000117,0.6959362212171021,0.6959362212171021,0.0,0.8887365775645419,0.8887365775645419,0.0,0.6428571428571428,0.6428571428571428,0.0,0.5562149432296213,0.5562149432296213,0.0
01030000000118,0.6221272712424892,0.6221272712424892,0.0,0.8355795148247978,0.8355795148247978,0.0,,,,0.4086750276601806,0.4086750276601806,0.0
01030000000119,0.8800275928435357,0.8800275928435357,0.0,0.949449125081011,0.949449125081011,0.0,0.8106060606060606,0.8106060606060606,0.0,,,
01030000000120,0.9497729852440409,0.9497729852440409,0.0,0.8995459704880817,0.8995459704880817,0.0,1.0,1.0,0.0,,,
01030000000121,0.9016651111530676,0.9016651111530676,0.0,0.9558577016204136,0.9558577016204136,0.0,0.9937888198757764,0.9937888198757764,0.0,0.7553488119630125,0.7553488119630125,0.0
01030000000122,0.5142669068109739,0.5142669068109739,0.0,0.8049426301853486,0.8049426301853486,0.0,0.0,0.0,0.0,0.7378580902475731,0.7378580902475731,0.0
01030000000123,0.9026701682885279,0.9026701682885279,0.0,0.878698224852071,0.878698224852071,0.0,,,,0.9266421117249847,0.9266421117249847,0.0
01030000000124,0.8957609744309385,0.8957609744309385,0.0,0.9232150875617422,0.9232150875617422,0.0,,,,0.8683068613001348,0.8683068613001348,0.0
01030000000125,0.9993256911665543,0.9993256911665543,0.0,0.9993256911665543,0.9993256911665543,0.0,,,,,,
01030000000126,0.8627543064526135,0.8627543064526135,0.0,0.8973091707852828,0.8973091707852828,0.0,,,,0.8281994421199442,0.8281994421199442,0.0
01030000000127,0.6989237632601877,0.6989237632601877,0.0,0.8248935857918684,0.8248935857918684,0.0,0.572953940728507,0.572953940728507,0.0,,,
01030000000128,0.9337764647956671,0.9337764647956671,0.0,0.8675529295913342,0.8675529295913342,0.0,1.0,1.0,0.0,,,
01030000000129,0.9209457845712921,0.9209457845712921,0.0,0.9209457845712921,0.9209457845712921,0.0,,,,,,
01030000000130,0.5804801693322004,0.5804801693322004,0.0,0.7602417730020147,0.7602417730020147,0.0,0.40071856566238595,0.40071856566238595,0.0,,,
01030000000131,0.8390745501285347,0.8390745501285347,0.0,0.8390745501285347,0.8390745501285347,0.0,,,,,,
01030000000132,0.88280994089582,0.88280994089582,0.0,0.8989532151249733,0.8989532151249733,0.0,0.8666666666666667,0.8666666666666667,0.0,,,
01030000000133,0.9566223028568976,0.9566223028568976,0.0,0.9536009998437744,0.9536009998437744,0.0,,,,0.959643605870021,0.959643605870021,0.0
01030000000134,0.8014077425842132,0.8014077425842132,0.0,0.8014077425842132,0.8014077425842132,0.0,,,,,,
01030000000135,0.9957736877982277,0.9957736877982277,0.0,0.9957736877982277,0.9957736877982277,0.0,,,,,,
01030000000136,0.8313883299798792,0.8313883299798792,0.0,0.8313883299798792,0.8313883299798792,0.0,,,,,,
01030000000137,0.9697222802255168,0.9697222802255168,0.0,0.9697222802255168,0.9697222802255168,0.0,,,,,,
01030000000138,0.9948334224122573,0.9948334224122573,0.0,0.9948334224122573,0.9948334224122573,0.0,,,,,,
01030000000139,0.9520692974013475,0.9520692974013475,0.0,0.9520692974013475,0.9520692974013475,0.0,,,,,,
01030000000140,0.8567188788128607,0.8567188788128607,0.0,0.8567188788128607,0.8567188788128607,0.0,,,,,,
01030000000141,0.01011804384485665,0.01011804384485665,0.0,0.0202360876897133,0.0202360876897133,0.0,,,,0.0,0.0,0.0
01030000000142,0.9766132714913875,0.9766132714913875,0.0,0.974079528718704,0.974079528718704,0.0,,,,0.9791470142640711,0.9791470142640711,0.0
01030000000143,0.9584487426136977,0.9584487426136977,0.0,0.9733514880373468,0.9733514880373468,0.0,,,,0.9435459971900486,0.9435459971900486,0.0
01030000000144,0.8873785671296978,0.8873785671296978,0.0,0.8922048997772829,0.8922048997772829,0.0,,,,0.8825522344821126,0.8825522344821126,0.0
01030000000145,0.9282217207154384,0.9282217207154384,0.0,0.9059420722603763,0.9059420722603763,0.0,,,,0.9505013691705004,0.9505013691705004,0.0
01030000000146,0.7339405879203339,0.7339405879203339,0.0,0.9333824070666175,0.9333824070666175,0.0,0.3978260869565218,0.3978260869565218,0.0,0.8706132697378626,0.8706132697378626,0.0
01030000000147,0.5887853717426975,0.5887853717426975,0.0,0.7425169505539937,0.7425169505539937,0.0,0.7042916008689943,0.7042916008689943,0.0,0.3195475638051044,0.3195475638051044,0.0
01030000000148,0.6008621450547185,0.6008621450547185,0.0,0.8208092485549133,0.8208092485549133,0.0,,,,0.3809150415545236,0.3809150415545236,0.0
01030000000149,0.965042372881356,0.965042372881356,0.0,0.9300847457627118,0.9300847457627118,0.0,1.0,1.0,0.0,,,
01030000000150,0.7051708805580872,0.7051708805580872,0.0,0.8499308437067774,0.8499308437067774,0.0,0.5962424035393907,0.5962424035393907,0.0,0.6693393944280934,0.6693393944280934,0.0
01030000000151,0.7894110185643081,0.7894110185643081,0.0,0.9845938375350142,0.9845938375350142,0.0,,,,0.594228199593602,0.594228199593602,0.0
01030000000152,0.8961836135575126,0.8961836135575126,0.0,0.8961836135575126,0.8961836135575126,0.0,,,,,,
01030000000153,0.7342293169455605,0.7342293169455605,0.0,0.9197544896567402,0.9197544896567402,0.0,,,,0.5487041442343809,0.5487041442343809,0.0
01030000000154,0.738625075389364,0.738625075389364,0.0,0.9244332493702772,0.9244332493702772,0.0,,,,0.5528169014084507,0.5528169014084507,0.0
01030000000155,0.7336427151842972,0.7336427151842972,0.0,0.6413793103448274,0.6413793103448274,0.0,,,,0.8259061200237671,0.8259061200237671,0.0
01030000000156,0.6723765893632554,0.7410016903646777,0.06862510100142227,0.8219657222805177,0.9227002448408534,0.10073452256033577,,,,0.522787456445993,0.5593031358885018,0.036515679442508775
01030000000157,0.7515224891777057,0.7515224891777057,0.0,0.694019471488178,0.694019471488178,0.0,,,,0.8090255068672335,0.8090255068672335,0.0
01030000000158,0.956890681881443,0.956890681881443,0.0,0.9538891476478808,0.9538891476478808,0.0,,,,0.9598922161150052,0.9598922161150052,0.0
01030000000159,0.9946194052934976,0.9946194052934976,0.0,0.9929078014184397,0.9929078014184397,0.0,,,,0.9963310091685555,0.9963310091685555,0.0
01030000000160,0.9915756630265211,0.9915756630265211,0.0,0.9915756630265211,0.9915756630265211,0.0,,,,,,
01030000000161,0.9951721918249115,0.9951721918249115,0.0,0.9951721918249115,0.9951721918249115,0.0,,,,,,
01030000000162,0.9809859154929578,0.9809859154929578,0.0,0.9809859154929578,0.9809859154929578,0.0,,,,,,
01030000000163,0.7554878338101917,0.7554878338101917,0.0,0.8926426426426426,0.8926426426426426,0.0,,,,0.6183330249777408,0.6183330249777408,0.0
01030000000164,0.9980180576965426,0.9980180576965426,0.0,0.9980180576965426,0.9980180576965426,0.0,,,,,,
01030000000165,0.812920869998511,0.812920869998511,0.0,0.8757340850364106,0.8757340850364106,0.0,1.0,1.0,0.0,0.5630285249591225,0.5630285249591225,0.0
01030000000166,0.747887688005929,0.747887688005929,0.0,0.8986344537815127,0.8986344537815127,0.0,0.6570303474628988,0.6570303474628988,0.0,0.6879982627733752,0.6879982627733752,0.0
01030000000167,0.9867537520749166,0.9867537520749166,0.0,0.9828882136574444,0.9828882136574444,0.0,,,,0.9906192904923886,0.9906192904923886,0.0
01030000000168,0.9330010184506476,0.9330010184506476,0.0,0.9268812619910467,0.9268812619910467,0.0,,,,0.9391207749102486,0.9391207749102486,0.0
01030000000169,0.9500912180670036,0.9500912180670036,0.0,0.9512140788594343,0.9512140788594343,0.0,,,,0.9489683572745727,0.9489683572745727,0.0
01030000000170,0.7275013304566225,0.7275013304566225,0.0,0.8295987493486191,0.8295987493486191,0.0,0.6254039115646259,0.6254039115646259,0.0,,,
01030000000171,0.46250687065511165,0.46250687065511165,0.0,0.7339055793991416,0.7339055793991416,0.0,,,,0.1911081619110817,0.1911081619110817,0.0
01030000000172,0.7957512724053994,0.7957512724053994,0.0,0.7957512724053994,0.7957512724053994,0.0,,,,,,
01030000000173,0.9293130246359875,0.9293130246359875,0.0,0.9683445770627919,0.9683445770627919,0.0,,,,0.8902814722091831,0.8902814722091831,0.0
01030000000174,0.9609773483013564,0.9609773483013564,0.0,0.971540726202159,0.971540726202159,0.0,,,,0.9504139704005539,0.9504139704005539,0.0
01030000000175,0.9849902642345276,0.9849902642345276,0.0,0.9850349185234453,0.9850349185234453,0.0,,,,0.98494560994561,0.98494560994561,0.0
01030000000176,0.9524484347921774,0.9524484347921774,0.0,0.975907484741407,0.975907484741407,0.0,,,,0.9289893848429479,0.9289893848429479,0.0
01030000000177,0.7670929996385234,0.7670929996385234,0.0,0.7461858529819695,0.7461858529819695,0.0,,,,0.7880001462950772,0.7880001462950772,0.0
01030000000178,0.9735247005537087,0.9735247005537087,0.0,0.9538988860325621,0.9538988860325621,0.0,0.9984326018808778,0.9984326018808778,0.0,0.9682426137476858,0.9682426137476858,0.0
01030000000179,0.9878972161298054,0.9878972161298054,0.0,0.9836829836829837,0.9836829836829837,0.0,,,,0.9921114485766271,0.9921114485766271,0.0
01030000000180,0.846387814768322,0.846387814768322,0.0,0.9084534476042072,0.9084534476042072,0.0,0.7119047619047618,0.7119047619047618,0.0,0.918805234795997,0.918805234795997,0.0
01030000000181,0.9884046771574873,0.9884046771574873,0.0,0.9803921568627451,0.9803921568627451,0.0,,,,0.9964171974522293,0.9964171974522293,0.0
01030000000182,0.7100006173444746,0.7100006173444746,0.0,0.9018912529550828,0.9018912529550828,0.0,0.5238095238095238,0.5238095238095238,0.0,0.7043010752688172,0.7043010752688172,0.0
01030000000183,0.4693641640256965,0.4693641640256965,0.0,0.6221374045801527,0.6221374045801527,0.0,,,,0.3165909234712403,0.3165909234712403,0.0
01030000000184,0.7819141348769936,0.7819141348769936,0.0,0.845940594059406,0.845940594059406,0.0,,,,0.7178876756945811,0.7178876756945811,0.0
01030000000185,0.8260125976640014,0.8260125976640014,0.0,0.8405162479834063,0.8405162479834063,0.0,,,,0.8115089473445964,0.8115089473445964,0.0
01030000000186,0.743163668890463,0.743163668890463,0.0,0.9433709071390229,0.9433709071390229,0.0,,,,0.5429564306419032,0.5429564306419032,0.0
01030000000187,0.9751461407603422,0.9751461407603422,0.0,0.9853305785123968,0.9853305785123968,0.0,0.9473684210526316,0.9473684210526316,0.0,0.9927394227159986,0.9927394227159986,0.0
01030000000188,0.7598029989444509,0.7598029989444509,0.0,0.9354631562048483,0.9354631562048483,0.0,0.8991026150100484,0.8991026150100484,0.0,0.44484322561845613,0.44484322561845613,0.0
01030000000189,0.7608930605100196,0.7608930605100196,0.0,0.9166306695464362,0.9166306695464362,0.0,0.7722229831529928,0.7722229831529928,0.0,0.59382552883063,0.59382552883063,0.0
01030000000190,0.8418034331803511,0.8418034331803511,0.0,0.9241605557699731,0.9241605557699731,0.0,0.6349298614675913,0.6349298614675913,0.0,0.9663198823034889,0.9663198823034889,0.0
01030000000191,0.998806008792936,0.998806008792936,0.0,0.9982513661202187,0.9982513661202187,0.0,,,,0.9993606514656533,0.9993606514656533,0.0
01030000000192,0.9392874109263658,0.9392874109263658,0.0,0.9392874109263658,0.9392874109263658,0.0,,,,,,
01030000000193,0.9941200324412003,0.9941200324412003,0.0,0.9941200324412003,0.9941200324412003,0.0,,,,,,
01030000000194,0.9985931344963421,0.9985931344963421,0.0,0.9985931344963421,0.9985931344963421,0.0,,,,,,
01030000000195,0.9981914121786026,0.9981914121786026,0.0,0.9975152473458324,0.9975152473458324,0.0,,,,0.9988675770113727,0.9988675770113727,0.0
01030000000196,0.999383248568462,0.999383248568462,0.0,0.9990229073933341,0.9990229073933341,0.0,,,,0.9997435897435898,0.9997435897435898,0.0
01030000000197,0.9077477121430603,0.9077477121430603,0.0,0.9580335731414868,0.9580335731414868,0.0,0.7894736842105263,0.7894736842105263,0.0,0.9757358790771679,0.9757358790771679,0.0
01030000000198,0.8946364731773868,0.8946364731773868,0.0,0.8659217877094973,0.8659217877094973,0.0,,,,0.9233511586452763,0.9233511586452763,0.0
01030000000199,0.47879014843961265,0.47879014843961265,0.0,0.7161159811193527,0.7161159811193527,0.0,,,,0.2414643157598726,0.2414643157598726,0.0
01030000000200,0.6237924658927048,0.6237924658927048,0.0,0.750869957468746,0.750869957468746,0.0,0.4733821577589541,0.4733821577589541,0.0,0.6471252824504142,0.6471252824504142,0.0
