document_id,base_overall,new_overall,delta,base_nid,new_nid,base_teds,new_teds,base_mhs,new_mhs
01030000000001,0.9861242224,0.9861242224,0.0000000000,0.9923940601,0.9923940601,,,0.9798543846,0.9798543846
01030000000002,0.9871358316,0.9871358316,0.0000000000,0.9880492738,0.9880492738,,,0.9862223895,0.9862223895
01030000000003,0.9593041866,0.9593041866,0.0000000000,0.9637325274,0.9637325274,,,0.9548758458,0.9548758458
01030000000004,0.9912717811,0.9912717811,0.0000000000,0.9884778654,0.9884778654,,,0.9940656968,0.9940656968
01030000000005,0.7972350230,0.7972350230,0.0000000000,0.7972350230,0.7972350230,,,,
01030000000006,0.8727272727,0.8727272727,0.0000000000,0.8727272727,0.8727272727,,,,
01030000000007,0.9003088469,0.9003088469,0.0000000000,0.9802273851,0.9802273851,,,0.8203903088,0.8203903088
01030000000008,0.8014505893,0.8014505893,0.0000000000,0.8014505893,0.8014505893,,,,
01030000000009,0.7267652805,0.7267652805,0.0000000000,0.7267652805,0.7267652805,,,,
01030000000010,0.9362939466,0.9362939466,0.0000000000,0.9362939466,0.9362939466,,,,
01030000000011,0.9246736908,0.9246736908,0.0000000000,0.9246736908,0.9246736908,,,,
01030000000012,0.9705819197,0.9705819197,0.0000000000,0.9705819197,0.9705819197,,,,
01030000000013,0.6852944023,0.6852944023,0.0000000000,0.7541340296,0.7541340296,,,0.6164547750,0.6164547750
01030000000014,0.9495798319,0.9495798319,0.0000000000,0.9495798319,0.9495798319,,,,
01030000000015,0.9305724726,0.9305724726,0.0000000000,0.9305724726,0.9305724726,,,,
01030000000016,0.7689080105,0.9991627421,0.2302547316,0.6932100960,0.9990029910,,,0.8446059251,0.9993224932
01030000000017,0.9730205279,0.9738773114,0.0008567836,0.9730205279,0.9738773114,,,,
01030000000018,0.8321005675,0.8321005675,0.0000000000,0.7831149927,0.7831149927,,,0.8810861423,0.8810861423
01030000000019,0.9939560061,0.9939560061,0.0000000000,0.9983801296,0.9983801296,,,0.9895318827,0.9895318827
01030000000020,0.9962714392,0.9962714392,0.0000000000,0.9962714392,0.9962714392,,,,
01030000000021,0.8725106256,0.8725106256,0.0000000000,0.9959088252,0.9959088252,,,0.7491124260,0.7491124260
01030000000022,0.9958965942,0.9958965942,0.0000000000,0.9958965942,0.9958965942,,,,
01030000000023,0.9984282908,0.9984282908,0.0000000000,0.9984282908,0.9984282908,,,,
01030000000024,0.9989768774,0.9989768774,0.0000000000,0.9989768774,0.9989768774,,,,
01030000000025,0.9983874683,0.9983874683,0.0000000000,0.9983874683,0.9983874683,,,,
01030000000026,0.9974424552,0.9974424552,0.0000000000,0.9974424552,0.9974424552,,,,
01030000000027,0.5791173305,0.5791173305,0.0000000000,0.5791173305,0.5791173305,,,,
01030000000028,0.6269488764,0.8135099324,0.1865610560,0.9890981169,0.9905707196,,,0.2647996358,0.6364491451
01030000000029,0.7094473362,0.9792955210,0.2698481848,0.9721212121,0.9734486421,,,0.4467734603,0.9851424000
01030000000030,0.9515581611,0.9676710609,0.0161128998,0.9515581611,0.9676710609,,,,
01030000000031,0.5858023118,0.7894499897,0.2036476779,0.8881251074,0.9453082129,,,0.2834795162,0.6335917664
01030000000032,0.9826730875,0.9826730875,0.0000000000,0.9751424133,0.9751424133,,,0.9902037618,0.9902037618
01030000000033,0.7541457286,0.9474405281,0.1932947995,0.9315652380,0.9218264404,,,0.5767262192,0.9730546158
01030000000034,0.8801198801,0.8814407204,0.0013208402,0.8801198801,0.8814407204,,,,
01030000000035,0.9291008926,0.9291008926,0.0000000000,0.9409178346,0.9409178346,,,0.9172839506,0.9172839506
01030000000036,0.6496785734,0.9875228938,0.3378443204,0.5230017251,0.9848901099,,,0.7763554217,0.9901556777
01030000000037,0.5420573477,0.9922381334,0.4501807857,0.6500233318,0.9887382211,,,0.4340913636,0.9957380457
01030000000038,0.5822686021,0.9751945211,0.3929259189,0.7434526991,0.9771610292,,,0.4210845052,0.9732280129
01030000000039,0.7226400179,0.9776053491,0.2549653313,0.6893106893,0.9820359281,,,0.7559693464,0.9731747701
01030000000040,0.9932486100,0.9938406517,0.0005920417,0.9932486100,0.9938406517,,,,
01030000000041,0.9565390750,0.9567125474,0.0001734724,0.9565390750,0.9567125474,,,,
01030000000042,0.9878484632,0.9883783301,0.0005298669,0.9878484632,0.9883783301,,,,
01030000000043,0.8155747260,0.8161455903,0.0005708643,0.8155747260,0.8161455903,,,,
01030000000044,0.7581906146,0.9910923957,0.2329017811,0.6796338673,0.9889415482,,,0.8367473619,0.9932432432
01030000000045,0.8293918919,0.8293918919,0.0000000000,0.8750000000,0.8750000000,0.7837837838,0.7837837838,,
01030000000046,0.7315015118,0.7315015118,0.0000000000,0.7938780548,0.7938780548,0.6691249689,0.6691249689,,
01030000000047,0.6794923200,0.6794923200,0.0000000000,0.7427055703,0.7427055703,0.6162790698,0.6162790698,,
01030000000048,0.9972389927,0.9972389927,0.0000000000,0.9955649419,0.9955649419,,,0.9989130435,0.9989130435
01030000000049,0.9904153355,0.9904153355,0.0000000000,0.9904153355,0.9904153355,,,,
01030000000050,0.9847653870,0.9847653870,0.0000000000,0.9847653870,0.9847653870,,,,
01030000000051,0.9270868885,0.9270868885,0.0000000000,0.9351669941,0.9351669941,0.8940355145,0.8940355145,0.9520581568,0.9520581568
01030000000052,0.8848893084,0.8849806880,0.0000913796,0.9308755760,0.9310583353,0.8389030408,0.8389030408,,
01030000000053,0.9327547639,0.9327547639,0.0000000000,0.9442417926,0.9442417926,0.8969610541,0.8969610541,0.9570614449,0.9570614449
01030000000054,0.8969712321,0.9982922815,0.1013210493,0.9974196575,0.9981220657,,,0.7965228068,0.9984624972
01030000000055,0.9501862197,0.9501862197,0.0000000000,0.9501862197,0.9501862197,,,,
01030000000056,0.8937351308,0.8950715421,0.0013364113,0.8937351308,0.8950715421,,,,
01030000000057,0.9223826715,0.9242835596,0.0019008881,0.9223826715,0.9242835596,,,,
01030000000058,0.9311260444,0.9311260444,0.0000000000,0.9151256520,0.9151256520,,,0.9471264368,0.9471264368
01030000000059,0.7373447947,0.7373447947,0.0000000000,0.7373447947,0.7373447947,,,,
01030000000060,0.8576131687,0.8589108911,0.0012977224,0.8576131687,0.8589108911,,,,
01030000000061,0.9298515105,0.9658584859,0.0360069754,0.9298515105,0.9658584859,,,,
01030000000062,0.9935654457,0.9935654457,0.0000000000,0.9921686747,0.9921686747,,,0.9949622166,0.9949622166
01030000000063,0.9689119171,0.9689119171,0.0000000000,0.9689119171,0.9689119171,,,,
01030000000064,0.9313156743,0.9313156743,0.0000000000,0.9251313485,0.9251313485,0.9375000000,0.9375000000,,
01030000000065,0.9931522715,0.9931522715,0.0000000000,0.9910913140,0.9910913140,,,0.9952132289,0.9952132289
01030000000066,0.9618247299,0.9627314258,0.0009066959,0.9618247299,0.9627314258,,,,
01030000000067,0.9771805665,0.9610428806,-0.0161376859,0.9745186863,0.9563767713,,,0.9798424467,0.9657089898
01030000000068,0.9847715736,0.9849510910,0.0001795174,0.9847715736,0.9849510910,,,,
01030000000069,0.6084442288,0.8135314824,0.2050872536,0.9872734285,0.9886034383,,,0.2296150292,0.6384595265
01030000000070,0.8066852368,0.8084868788,0.0018016421,0.8066852368,0.8084868788,,,,
01030000000071,0.8612999171,0.9880109061,0.1267109890,0.8132183908,0.9845094664,,,0.9093814433,0.9915123457
01030000000072,0.5581929556,0.6951219512,0.1369289956,0.5581929556,0.6951219512,,,,
01030000000073,0.8136324418,0.8136324418,0.0000000000,0.8136324418,0.8136324418,,,,
01030000000074,0.8828671329,0.9597122302,0.0768450973,0.8828671329,0.9597122302,,,,
01030000000075,0.9929478138,0.9947517158,0.0018039020,0.9929478138,0.9947517158,,,,
01030000000076,0.4881602914,0.9043869516,0.4162266602,0.4881602914,0.9043869516,,,,
01030000000077,0.6734741716,0.9476951678,0.2742209962,0.8255197717,0.9726224784,,,0.5214285714,0.9227678571
01030000000078,0.4744231143,0.7836314717,0.3092083574,0.7002288330,0.8501387604,0.2486173957,0.7171241830,,
01030000000079,0.8691015701,0.8691015701,0.0000000000,0.9885931559,0.9885931559,,,0.7496099844,0.7496099844
01030000000080,0.8663262511,0.8663262511,0.0000000000,0.9843081312,0.9843081312,,,0.7483443709,0.7483443709
01030000000081,0.9623415362,0.9623415362,0.0000000000,0.9246830723,0.9246830723,1.0000000000,1.0000000000,,
01030000000082,0.9476323208,0.9476323208,0.0000000000,0.8960109103,0.8960109103,0.9992537313,0.9992537313,,
01030000000083,0.9452537024,0.9456865128,0.0004328104,0.8905074047,0.8913730255,1.0000000000,1.0000000000,,
01030000000084,0.9533083060,0.9533083060,0.0000000000,0.9066166119,0.9066166119,1.0000000000,1.0000000000,,
01030000000085,0.8008021390,0.8008021390,0.0000000000,0.8863636364,0.8863636364,,,0.7152406417,0.7152406417
01030000000086,0.6239320704,0.7880076631,0.1640755926,0.9813035121,0.9826771654,,,0.2665606287,0.5933381608
01030000000087,0.9847222222,0.9847222222,0.0000000000,0.9847222222,0.9847222222,,,,
01030000000088,0.9203312851,0.9203312851,0.0000000000,0.8408352668,0.8408352668,0.9998273033,0.9998273033,,
01030000000089,0.9239157069,0.9239157069,0.0000000000,0.8478314139,0.8478314139,1.0000000000,1.0000000000,,
01030000000090,0.9241058744,0.9241058744,0.0000000000,0.8484412470,0.8484412470,0.9997705018,0.9997705018,,
01030000000091,0.9290209019,0.9925845957,0.0635636938,0.9916317992,0.9920468815,,,0.8664100047,0.9931223099
01030000000092,0.8937527959,0.9952802530,0.1015274571,0.9974474292,0.9978112840,,,0.7900581626,0.9927492220
01030000000093,0.9972459777,0.9976798144,0.0004338367,0.9972459777,0.9976798144,,,,
01030000000094,0.9111111111,0.9119555144,0.0008444033,0.9111111111,0.9119555144,,,,
01030000000095,0.9256850906,0.9263304671,0.0006453765,0.9256850906,0.9263304671,,,,
01030000000096,0.9517757009,0.9528443114,0.0010686104,0.9517757009,0.9528443114,,,,
01030000000097,0.7921061931,0.9516311535,0.1595249604,0.9461048506,0.9468006864,,,0.6381075356,0.9564616206
01030000000098,0.8355722730,0.8362463028,0.0006740298,0.8355722730,0.8362463028,,,,
01030000000099,0.7488471992,0.9057571723,0.1569099731,0.8847161572,0.8858766944,,,0.6129782411,0.9256376502
01030000000100,0.8126115407,0.8140643623,0.0014528216,0.8126115407,0.8140643623,,,,
01030000000101,0.8946880092,0.9959177089,0.1012296997,0.9943847656,0.9947490536,,,0.7949912528,0.9970863641
01030000000102,0.9335378323,0.9340153453,0.0004775130,0.9335378323,0.9340153453,,,,
01030000000103,0.8333234629,0.8333234629,0.0000000000,0.9363784666,0.9363784666,,,0.7302684592,0.7302684592
01030000000104,0.9263821764,0.9263821764,0.0000000000,0.9579746835,0.9579746835,,,0.8947896692,0.8947896692
01030000000105,0.9218801673,0.9218801673,0.0000000000,0.9045079981,0.9045079981,,,0.9392523364,0.9392523364
01030000000106,0.8221957041,0.8224410624,0.0002453583,0.8221957041,0.8224410624,,,,
01030000000107,0.6149111705,0.6149111705,0.0000000000,0.4648023144,0.4648023144,,,0.7650200267,0.7650200267
01030000000108,0.7587115638,0.9942111148,0.2354995510,0.6786171575,0.9927272727,,,0.8388059701,0.9956949569
01030000000109,0.8018285193,0.9159892943,0.1141607749,0.9096267191,0.9099852435,,,0.6940303196,0.9219933450
01030000000110,0.2592831080,0.2594501718,0.0001670639,0.5185662159,0.5189003436,0.0000000000,0.0000000000,,
01030000000111,0.7787893116,0.8925817437,0.1137924320,0.8914656772,0.8927078495,,,0.6661129461,0.8924556378
01030000000112,0.9803795433,0.9813264649,0.0009469216,0.9803795433,0.9813264649,,,,
01030000000113,0.8538715950,0.9791939878,0.1253223928,0.9695962785,0.9702410640,,,0.7381469115,0.9881469115
01030000000114,0.9959183673,0.9977283053,0.0018099380,0.9959183673,0.9977283053,,,,
01030000000115,0.9040090973,0.9904000289,0.0863909316,0.9871447903,0.9884823848,,,0.8208734043,0.9923176730
01030000000116,0.6872791009,0.6139442696,-0.0733348312,0.8093255620,0.8398576512,0.5652326397,0.3880308880,,
01030000000117,0.6959362212,0.8518239411,0.1558877199,0.8887365776,0.8801989150,0.6428571429,0.8231292517,0.5562149432,0.8521436566
01030000000118,0.6221272712,0.6221272712,0.0000000000,0.8355795148,0.8355795148,,,0.4086750277,0.4086750277
01030000000119,0.8800275928,0.8806437182,0.0006161253,0.9494491251,0.9506813757,0.8106060606,0.8106060606,,
01030000000120,0.9497729852,0.9502840909,0.0005111057,0.8995459705,0.9005681818,1.0000000000,1.0000000000,,
01030000000121,0.9016651112,0.9667767900,0.0651116788,0.9558577016,0.9563920984,0.9937888199,0.9937888199,0.7553488120,0.9501494516
01030000000122,0.5142669068,0.5575900164,0.0433231096,0.8049426302,0.8056537102,0.0000000000,0.0000000000,0.7378580902,0.8671163389
01030000000123,0.9026701683,0.9026701683,0.0000000000,0.8786982249,0.8786982249,,,0.9266421117,0.9266421117
01030000000124,0.8957609744,0.8957609744,0.0000000000,0.9232150876,0.9232150876,,,0.8683068613,0.8683068613
01030000000125,0.9993256912,0.9993256912,0.0000000000,0.9993256912,0.9993256912,,,,
01030000000126,0.8627543065,0.8627543065,0.0000000000,0.8973091708,0.8973091708,,,0.8281994421,0.8281994421
01030000000127,0.6989237633,0.7515362438,0.0526124805,0.8248935858,0.8723221937,0.5729539407,0.6307502939,,
01030000000128,0.9337764648,0.9337764648,0.0000000000,0.8675529296,0.8675529296,1.0000000000,1.0000000000,,
01030000000129,0.9209457846,0.9211281071,0.0001823225,0.9209457846,0.9211281071,,,,
01030000000130,0.5804801693,0.6689680249,0.0884878556,0.7602417730,0.8022638840,0.4007185657,0.5356721659,,
01030000000131,0.8390745501,0.8403707518,0.0012962017,0.8390745501,0.8403707518,,,,
01030000000132,0.8828099409,0.8828099409,0.0000000000,0.8989532151,0.8989532151,0.8666666667,0.8666666667,,
01030000000133,0.9566223029,0.9566223029,0.0000000000,0.9536009998,0.9536009998,,,0.9596436059,0.9596436059
01030000000134,0.8014077426,0.8014077426,0.0000000000,0.8014077426,0.8014077426,,,,
01030000000135,0.9957736878,0.9957736878,0.0000000000,0.9957736878,0.9957736878,,,,
01030000000136,0.8313883300,0.8313883300,0.0000000000,0.8313883300,0.8313883300,,,,
01030000000137,0.9697222802,0.9697222802,0.0000000000,0.9697222802,0.9697222802,,,,
01030000000138,0.9948334224,0.9948334224,0.0000000000,0.9948334224,0.9948334224,,,,
01030000000139,0.9520692974,0.9520692974,0.0000000000,0.9520692974,0.9520692974,,,,
01030000000140,0.8567188788,0.8571428571,0.0004239783,0.8567188788,0.8571428571,,,,
01030000000141,0.0101180438,0.0101180438,0.0000000000,0.0202360877,0.0202360877,,,0.0000000000,0.0000000000
01030000000142,0.9766132715,0.9766132715,0.0000000000,0.9740795287,0.9740795287,,,0.9791470143,0.9791470143
01030000000143,0.9584487426,0.9584487426,0.0000000000,0.9733514880,0.9733514880,,,0.9435459972,0.9435459972
01030000000144,0.8873785671,0.8873785671,0.0000000000,0.8922048998,0.8922048998,,,0.8825522345,0.8825522345
01030000000145,0.9282217207,0.9282217207,0.0000000000,0.9059420723,0.9059420723,,,0.9505013692,0.9505013692
01030000000146,0.7339405879,0.7339405879,0.0000000000,0.9333824071,0.9333824071,0.3978260870,0.3978260870,0.8706132697,0.8706132697
01030000000147,0.5887853717,0.7700623142,0.1812769424,0.7425169506,0.7558372248,0.7042916009,0.9001427819,0.3195475638,0.6542069358
01030000000148,0.6008621451,0.4112961622,-0.1895659829,0.8208092486,0.8225923244,,,0.3809150416,0.0000000000
01030000000149,0.9650423729,0.9657824934,0.0007401205,0.9300847458,0.9315649867,1.0000000000,1.0000000000,,
01030000000150,0.7051708806,0.7410411058,0.0358702252,0.8499308437,0.8642407278,0.5962424035,0.6624915595,0.6693393944,0.6963910301
01030000000151,0.7894110186,0.9894889565,0.2000779379,0.9845938375,0.9866666667,,,0.5942281996,0.9923112463
01030000000152,0.8961836136,0.8976209570,0.0014373434,0.8961836136,0.8976209570,,,,
01030000000153,0.7342293169,0.9481717267,0.2139424098,0.9197544897,0.9210106988,,,0.5487041442,0.9753327546
01030000000154,0.7386250754,0.8951239110,0.1564988356,0.9244332494,0.9261829653,,,0.5528169014,0.8640648567
01030000000155,0.7336427152,1.0000000000,0.2663572848,0.6413793103,1.0000000000,,,0.8259061200,1.0000000000
01030000000156,0.7410016904,0.7410016904,0.0000000000,0.9227002448,0.9227002448,,,0.5593031359,0.5593031359
01030000000157,0.7515224892,0.9422766250,0.1907541358,0.6940194715,0.9283727399,,,0.8090255069,0.9561805101
01030000000158,0.9568906819,0.9568906819,0.0000000000,0.9538891476,0.9538891476,,,0.9598922161,0.9598922161
01030000000159,0.9946194053,0.9946194053,0.0000000000,0.9929078014,0.9929078014,,,0.9963310092,0.9963310092
01030000000160,0.9915756630,0.9915756630,0.0000000000,0.9915756630,0.9915756630,,,,
01030000000161,0.9951721918,0.9951721918,0.0000000000,0.9951721918,0.9951721918,,,,
01030000000162,0.9809859155,0.9809859155,0.0000000000,0.9809859155,0.9809859155,,,,
01030000000163,0.7554878338,0.7887836282,0.0332957943,0.8926426426,0.8939849624,,,0.6183330250,0.6835822939
01030000000164,0.9980180577,0.9983478357,0.0003297780,0.9980180577,0.9983478357,,,,
01030000000165,0.8129208700,0.9279683473,0.1150474773,0.8757340850,0.8753228457,1.0000000000,1.0000000000,0.5630285250,0.9085821963
01030000000166,0.7478876880,0.8368290379,0.0889413499,0.8986344538,0.8981627297,0.6570303475,0.6570303475,0.6879982628,0.9552940367
01030000000167,0.9867537521,0.9867537521,0.0000000000,0.9828882137,0.9828882137,,,0.9906192905,0.9906192905
01030000000168,0.9330010185,0.9330010185,0.0000000000,0.9268812620,0.9268812620,,,0.9391207749,0.9391207749
01030000000169,0.9500912181,0.9500912181,0.0000000000,0.9512140789,0.9512140789,,,0.9489683573,0.9489683573
01030000000170,0.7275013305,0.7277602065,0.0002588761,0.8295987493,0.8301165015,0.6254039116,0.6254039116,,
01030000000171,0.4625068707,0.9907348455,0.5282279748,0.7339055794,0.9888712242,,,0.1911081619,0.9925984668
01030000000172,0.7957512724,0.9922189428,0.1964676704,0.7957512724,0.9922189428,,,,
01030000000173,0.9293130246,0.9293130246,0.0000000000,0.9683445771,0.9683445771,,,0.8902814722,0.8902814722
01030000000174,0.9609773483,0.9609773483,0.0000000000,0.9715407262,0.9715407262,,,0.9504139704,0.9504139704
01030000000175,0.9849902642,0.9849902642,0.0000000000,0.9850349185,0.9850349185,,,0.9849456099,0.9849456099
01030000000176,0.9524484348,0.9524484348,0.0000000000,0.9759074847,0.9759074847,,,0.9289893848,0.9289893848
01030000000177,0.7670929996,0.7844671674,0.0173741677,0.7461858530,0.7691993464,,,0.7880001463,0.7997349883
01030000000178,0.9735247006,0.9735247006,0.0000000000,0.9538988860,0.9538988860,0.9984326019,0.9984326019,0.9682426137,0.9682426137
01030000000179,0.9878972161,0.9878972161,0.0000000000,0.9836829837,0.9836829837,,,0.9921114486,0.9921114486
01030000000180,0.8463878148,0.8463878148,0.0000000000,0.9084534476,0.9084534476,0.7119047619,0.7119047619,0.9188052348,0.9188052348
01030000000181,0.9884046772,0.9884046772,0.0000000000,0.9803921569,0.9803921569,,,0.9964171975,0.9964171975
01030000000182,0.7100006173,0.7100006173,0.0000000000,0.9018912530,0.9018912530,0.5238095238,0.5238095238,0.7043010753,0.7043010753
01030000000183,0.4693641640,0.6338944548,0.1645302908,0.6221374046,0.6260201632,,,0.3165909235,0.6417687464
01030000000184,0.7819141349,0.7819141349,0.0000000000,0.8459405941,0.8459405941,,,0.7178876757,0.7178876757
01030000000185,0.8260125977,0.8260125977,0.0000000000,0.8405162480,0.8405162480,,,0.8115089473,0.8115089473
01030000000186,0.7431636689,0.9044583732,0.1612947043,0.9433709071,0.9437508390,,,0.5429564306,0.8651659074
01030000000187,0.9751461408,0.9751461408,0.0000000000,0.9853305785,0.9853305785,0.9473684211,0.9473684211,0.9927394227,0.9927394227
01030000000188,0.7598029989,0.9334574587,0.1736544598,0.9354631562,0.9362898690,0.8991026150,0.8991026150,0.4448432256,0.9649798922
01030000000189,0.7608930605,0.8815674526,0.1206743921,0.9166306695,0.9167890780,0.7722229832,0.7722229832,0.5938255288,0.9556902966
01030000000190,0.8418034332,0.7514008409,-0.0904025923,0.9241605558,0.8958518081,0.6349298615,0.3999648383,0.9663198823,0.9583858764
01030000000191,0.9988060088,0.9988060088,0.0000000000,0.9982513661,0.9982513661,,,0.9993606515,0.9993606515
01030000000192,0.9392874109,0.9392874109,0.0000000000,0.9392874109,0.9392874109,,,,
01030000000193,0.9941200324,0.9941200324,0.0000000000,0.9941200324,0.9941200324,,,,
01030000000194,0.9985931345,0.9985931345,0.0000000000,0.9985931345,0.9985931345,,,,
01030000000195,0.9981914122,0.9981914122,0.0000000000,0.9975152473,0.9975152473,,,0.9988675770,0.9988675770
01030000000196,0.9993832486,0.9993832486,0.0000000000,0.9990229074,0.9990229074,,,0.9997435897,0.9997435897
01030000000197,0.9077477121,0.9077477121,0.0000000000,0.9580335731,0.9580335731,0.7894736842,0.7894736842,0.9757358791,0.9757358791
01030000000198,0.8946364732,0.8946364732,0.0000000000,0.8659217877,0.8659217877,,,0.9233511586,0.9233511586
01030000000199,0.4787901484,0.5361808613,0.0573907128,0.7161159811,0.7173252280,,,0.2414643158,0.3550364946
01030000000200,0.6237924659,0.6237924659,0.0000000000,0.7508699575,0.7508699575,0.4733821578,0.4733821578,0.6471252825,0.6471252825
